amare,"amare,amante,amando,amato,avere amato,avendo amato,avente amato","amo,ami,ama,amiamo,amate,amano","amavo,amavi,amava,amavamo,amavate,amavano","amerò,amerai,amerà,ameremo,amerete,ameranno","amai,amasti,amò,amammo,amaste,amarono","ho amato,hai amato,ha amato,abbiamo amato,avete amato,hanno amato","avevo amato,avevi amato,aveva amato,avevamo amato,avevate amato,avevano amato","avrò amato,avrai amato,avrà amato,avremo amato,avrete amato,avranno amato","ebbi amato,avesti amato,ebbe amato,avemmo amato,aveste amato,ebbero amato","ami,ami,ami,amiamo,amiate,amino","abbia amato,abbia amato,abbia amato,abbiamo amato,abbiate amato,abbiano amato","amassi,amassi,amasse,amassimo,amaste,amassero","avessi amato,avessi amato,avesse amato,avessimo amato,aveste amato,avessero amato","amerei,ameresti,amerebbe,ameremmo,amereste,amerebbero","avrei amato,avresti amato,avrebbe amato,avremmo amato,avreste amato,avrebbero amato","ama,ami,amiamo,amate,amino",
andare,"andare,andante,andando,andato,essere andato,essendo andato,essente andato","vado; vo,vai,va,andiamo,andate,vanno","andavo,andavi,andava,andavamo,andavate,andavano","andrò,andrai,andrà,andremo,andrete,andranno","andai,andasti,andò,andammo,andaste,andarono","sono andato,sei andato,è andato,siamo andati,siete andati,sono andati","ero andato,eri andato,era andato,eravamo andati,eravate andati,erano andati","sarò andato,sarai andato,sarà andato,saremo andati,sarete andati,saranno andati","fui andato,fosti andato,fu andato,fummo andati,foste andati,furono andati","vada,vada,vada,andiamo,andiate,vadano","sia andato,sia andato,sia andato,siamo andati,siate andati,siano andati","andassi,andassi,andasse,andassimo,andaste,andassero","fossi andato,fossi andato,fosse andato,fossimo andati,foste andati,fossero andati","andrei,andresti,andrebbe,andremmo,andreste,andrebbero","sarei andato,saresti andato,sarebbe andato,saremmo andati,sareste andati,sarebbero andati","va'; vai,vada,andiamo,andate,vadano",
apparire,"apparire,apparente,apparendo,apparito; apparso,essere apparito; apparso,essendo apparito; apparso,essente apparito; apparso","appaio; apparisco,appari; apparisci,appare; apparisce,appariamo,apparite,appaiono; appariscono","apparivo,apparivi,appariva,apparivamo,apparivate,apparivano","apparirò; apparrò,apparirai; apparrai,apparirà; apparrà,appariremo; apparremo,apparirete; apparrete,appariranno; apparranno","apparii; apparvi; apparsi,apparisti,apparì; apparve; apparse,apparimmo,appariste,apparirono; apparvero; apparsero","sono apparito; apparso,sei apparito; apparso,è apparito; apparso,siamo apparito; apparsi,siete apparito; apparsi,sono apparito; apparsi","ero apparito; apparso,eri apparito; apparso,era apparito; apparso,eravamo apparito; apparsi,eravate apparito; apparsi,erano apparito; apparsi","sarò apparito; apparso,sarai apparito; apparso,sarà apparito; apparso,saremo apparito; apparsi,sarete apparito; apparsi,saranno apparito; apparsi","fui apparito; apparso,fosti apparito; apparso,fu apparito; apparso,fummo apparito; apparsi,foste apparito; apparsi,furono apparito; apparsi","appaia; apparisca,appaia; apparisca,appaia; apparisca,appariamo,appariate,appaiano; appariscano","sia apparito; apparso,sia apparito; apparso,sia apparito; apparso,siamo apparito; apparsi,siate apparito; apparsi,siano apparito; apparsi","apparissi,apparissi,apparisse,apparissimo,appariste,apparissero","fossi apparito; apparso,fossi apparito; apparso,fosse apparito; apparso,fossimo apparito; apparsi,foste apparito; apparsi,fossero apparito; apparsi","apparirei; apparrei,appariresti; apparresti,apparirebbe; apparrebbe,appariremmo; apparremmo,apparireste; apparreste,apparirebbero; apparrebbero","sarei apparito; apparso,saresti apparito; apparso,sarebbe apparito; apparso,saremmo apparito; apparsi,sareste apparito; apparsi,sarebbero apparito; apparsi","appari; apparisci,appaia; apparisca,appariamo,apparite,appaiano; appariscano",
aprire,"aprire,aprente,aprendo,aperto,avere aperto,avendo aperto,avente aperto","apro,apri,apre,apriamo,aprite,aprono","aprivo,aprivi,apriva,aprivamo,aprivate,aprivano","aprirò,aprirai,aprirà,apriremo,aprirete,apriranno","aprii; apersi,apristi,aprì; aperse,aprimmo,apriste,aprirono; apersero","ho aperto,hai aperto,ha aperto,abbiamo aperto,avete aperto,hanno aperto","avevo aperto,avevi aperto,aveva aperto,avevamo aperto,avevate aperto,avevano aperto","avrò aperto,avrai aperto,avrà aperto,avremo aperto,avrete aperto,avranno aperto","ebbi aperto,avesti aperto,ebbe aperto,avemmo aperto,aveste aperto,ebbero aperto","apra,apra,apra,apriamo,apriate,aprano","abbia aperto,abbia aperto,abbia aperto,abbiamo aperto,abbiate aperto,abbiano aperto","aprissi,aprissi,aprisse,aprissimo,apriste,aprissero","avessi aperto,avessi aperto,avesse aperto,avessimo aperto,aveste aperto,avessero aperto","aprirei,apriresti,aprirebbe,apriremmo,aprireste,aprirebbero","avrei aperto,avresti aperto,avrebbe aperto,avremmo aperto,avreste aperto,avrebbero aperto","apri,apra,apriamo,aprite,aprano",
avere,"avere,avente,avendo,avuto,avere avuto,avendo avuto,avente avuto","ho,hai,ha,abbiamo,avete,hanno","avevo,avevi,aveva,avevamo,avevate,avevano","avrò,avrai,avrà,avremo,avrete,avranno","ebbi,avesti,ebbe,avemmo,aveste,ebbero","ho avuto,hai avuto,ha avuto,abbiamo avuto,avete avuto,hanno avuto","avevo avuto,avevi avuto,aveva avuto,avevamo avuto,avevate avuto,avevano avuto","avrò avuto,avrai avuto,avrà avuto,avremo avuto,avrete avuto,avranno avuto","ebbi avuto,avesti avuto,ebbe avuto,avemmo avuto,aveste avuto,ebbero avuto","abbia,abbia,abbia,abbiamo,abbiate,abbiano","abbia avuto,abbia avuto,abbia avuto,abbiamo avuto,abbiate avuto,abbiano avuto","avessi,avessi,avesse,avessimo,aveste,avessero","avessi avuto,avessi avuto,avesse avuto,avessimo avuto,aveste avuto,avessero avuto","avrei,avresti,avrebbe,avremmo,avreste,avrebbero","avrei avuto,avresti avuto,avrebbe avuto,avremmo avuto,avreste avuto,avrebbero avuto","abbi,abbia,abbiamo,abbiate,abbiano",
avvertire,"avvertire,avvertente,avvertendo,avvertito,avere avvertito,avendo avvertito,avente avvertito","avverto,avverti,avverte,avvertiamo,avvertite,avvertono","avvertivo,avvertivi,avvertiva,avvertivamo,avvertivate,avvertivano","avvertirò,avvertirai,avvertirà,avvertiremo,avvertirete,avvertiranno","avvertii,avvertisti,avvertì,avvertimmo,avvertiste,avvertirono","ho avvertito,hai avvertito,ha avvertito,abbiamo avvertito,avete avvertito,hanno avvertito","avevo avvertito,avevi avvertito,aveva avvertito,avevamo avvertito,avevate avvertito,avevano avvertito","avrò avvertito,avrai avvertito,avrà avvertito,avremo avvertito,avrete avvertito,avranno avvertito","ebbi avvertito,avesti avvertito,ebbe avvertito,avemmo avvertito,aveste avvertito,ebbero avvertito","avverta,avverta,avverta,avvertiamo,avvertiate,avvertano","abbia avvertito,abbia avvertito,abbia avvertito,abbiamo avvertito,abbiate avvertito,abbiano avvertito","avvertissi,avvertissi,avvertisse,avvertissimo,avvertiste,avvertissero","avessi avvertito,avessi avvertito,avesse avvertito,avessimo avvertito,aveste avvertito,avessero avvertito","avvertirei,avvertiresti,avvertirebbe,avvertiremmo,avvertireste,avvertirebbero","avrei avvertito,avresti avvertito,avrebbe avvertito,avremmo avvertito,avreste avvertito,avrebbero avvertito","avverti,avverta,avvertiamo,avvertite,avvertano",
bere,"bere; bevere,bevente,bevendo,bevuto,avere bevuto,avendo bevuto,avente bevuto","bevo,bevi,beve,beviamo,bevete,bevono","bevevo,bevevi,beveva,bevevamo,bevevate,bevevano","berrò,berrai,berrà,berremo,berrete,berranno","bevvi; bevetti,bevesti,bevve; bevette,bevemmo,beveste,bevvero; bevettero","ho bevuto,hai bevuto,ha bevuto,abbiamo bevuto,avete bevuto,hanno bevuto","avevo bevuto,avevi bevuto,aveva bevuto,avevamo bevuto,avevate bevuto,avevano bevuto","avrò bevuto,avrai bevuto,avrà bevuto,avremo bevuto,avrete bevuto,avranno bevuto","ebbi bevuto,avesti bevuto,ebbe bevuto,avemmo bevuto,aveste bevuto,ebbero bevuto","beva,beva,beva,beviamo,beviate,bevano","abbia bevuto,abbia bevuto,abbia bevuto,abbiamo bevuto,abbiate bevuto,abbiano bevuto","bevessi,bevessi,bevesse,bevessimo,beveste,bevessero","avessi bevuto,avessi bevuto,avesse bevuto,avessimo bevuto,aveste bevuto,avessero bevuto","berrei,berresti,berrebbe,berremmo,berreste,berrebbero","avrei bevuto,avresti bevuto,avrebbe bevuto,avremmo bevuto,avreste bevuto,avrebbero bevuto","bevi,beva,beviamo,bevete,bevano",
bollire,"bollire,bollente,bollendo,bollito,avere bollito,avendo bollito,avente bollito","bollisco,bollisci,bollisce,bolliamo,bollite,bolliscono","bollivo,bollivi,bolliva,bollivamo,bollivate,bollivano","bollirò,bollirai,bollirà,bolliremo,bollirete,bolliranno","bollii,bollisti,bollì,bollimmo,bolliste,bollirono","ho bollito,hai bollito,ha bollito,abbiamo bollito,avete bollito,hanno bollito","avevo bollito,avevi bollito,aveva bollito,avevamo bollito,avevate bollito,avevano bollito","avrò bollito,avrai bollito,avrà bollito,avremo bollito,avrete bollito,avranno bollito","ebbi bollito,avesti bollito,ebbe bollito,avemmo bollito,aveste bollito,ebbero bollito","bollisca,bollisca,bollisca,bolliamo,bolliate,bolliscano","abbia bollito,abbia bollito,abbia bollito,abbiamo bollito,abbiate bollito,abbiano bollito","bollissi,bollissi,bollisse,bollissimo,bolliste,bollissero","avessi bollito,avessi bollito,avesse bollito,avessimo bollito,aveste bollito,avessero bollito","bollirei,bolliresti,bollirebbe,bolliremmo,bollireste,bollirebbero","avrei bollito,avresti bollito,avrebbe bollito,avremmo bollito,avreste bollito,avrebbero bollito","bollisci,bollisca,bolliamo,bollite,bolliscano",
cadere,"cadere,cadente,cadendo,caduto,essere caduto,essendo caduto,essente caduto","cado,cadi,cade,cadiamo,cadete,cadono","cadevo,cadevi,cadeva,cadevamo,cadevate,cadevano","cadrò,cadrai,cadrà,cadremo,cadrete,cadranno","caddi,cadesti,cadde,cademmo,cadeste,caddero","sono caduto,sei caduto,è caduto,siamo caduti,siete caduti,sono caduti","ero caduto,eri caduto,era caduto,eravamo caduti,eravate caduti,erano caduti","sarò caduto,sarai caduto,sarà caduto,saremo caduti,sarete caduti,saranno caduti","fui caduto,fosti caduto,fu caduto,fummo caduti,foste caduti,furono caduti","cada,cada,cada,cadiamo,cadiate,cadano","sia caduto,sia caduto,sia caduto,siamo caduti,siate caduti,siano caduti","cadessi,cadessi,cadesse,cadessimo,cadeste,cadessero","fossi caduto,fossi caduto,fosse caduto,fossimo caduti,foste caduti,fossero caduti","cadrei,cadresti,cadrebbe,cadremmo,cadreste,cadrebbero","sarei caduto,saresti caduto,sarebbe caduto,saremmo caduti,sareste caduti,sarebbero caduti","cadi,cada,cadiamo,cadete,cadano",
capire,"capire,capente,capendo,capito,avere capito,avendo capito,avente capito","capisco,capisci,capisce,capiamo,capite,capiscono","capivo,capivi,capiva,capivamo,capivate,capivano","capirò,capirai,capirà,capiremo,capirete,capiranno","capii,capisti,capì,capimmo,capiste,capirono","ho capito,hai capito,ha capito,abbiamo capito,avete capito,hanno capito","avevo capito,avevi capito,aveva capito,avevamo capito,avevate capito,avevano capito","avrò capito,avrai capito,avrà capito,avremo capito,avrete capito,avranno capito","ebbi capito,avesti capito,ebbe capito,avemmo capito,aveste capito,ebbero capito","capisca,capisca,capisca,capiamo,capiate,capiscano","abbia capito,abbia capito,abbia capito,abbiamo capito,abbiate capito,abbiano capito","capissi,capissi,capisse,capissimo,capiste,capissero","avessi capito,avessi capito,avesse capito,avessimo capito,aveste capito,avessero capito","capirei,capiresti,capirebbe,capiremmo,capireste,capirebbero","avrei capito,avresti capito,avrebbe capito,avremmo capito,avreste capito,avrebbero capito","capisci,capisca,capiamo,capite,capiscano",
cedere,"cedere,cedente,cedendo,ceduto; cesso,avere ceduto; cesso,avendo ceduto; cesso,avente ceduto; cesso","cedo,cedi,cede,cediamo,cedete,cedono","cedevo,cedevi,cedeva,cedevamo,cedevate,cedevano","cederò,cederai,cederà,cederemo,cederete,cederanno","cessi; cedei; cedetti,cedesti,cesse; cedé; cedette,cedemmo,cedeste,cessero; cederono; cedettero","ho ceduto; cesso,hai ceduto; cesso,ha ceduto; cesso,abbiamo ceduto; cesso,avete ceduto; cesso,hanno ceduto; cesso","avevo ceduto; cesso,avevi ceduto; cesso,aveva ceduto; cesso,avevamo ceduto; cesso,avevate ceduto; cesso,avevano ceduto; cesso","avrò ceduto; cesso,avrai ceduto; cesso,avrà ceduto; cesso,avremo ceduto; cesso,avrete ceduto; cesso,avranno ceduto; cesso","ebbi ceduto; cesso,avesti ceduto; cesso,ebbe ceduto; cesso,avemmo ceduto; cesso,aveste ceduto; cesso,ebbero ceduto; cesso","ceda,ceda,ceda,cediamo,cediate,cedano","abbia ceduto; cesso,abbia ceduto; cesso,abbia ceduto; cesso,abbiamo ceduto; cesso,abbiate ceduto; cesso,abbiano ceduto; cesso","cedessi,cedessi,cedesse,cedessimo,cedeste,cedessero","avessi ceduto; cesso,avessi ceduto; cesso,avesse ceduto; cesso,avessimo ceduto; cesso,aveste ceduto; cesso,avessero ceduto; cesso","cederei,cederesti,cederebbe,cederemmo,cedereste,cederebbero","avrei ceduto; cesso,avresti ceduto; cesso,avrebbe ceduto; cesso,avremmo ceduto; cesso,avreste ceduto; cesso,avrebbero ceduto; cesso","cedi,ceda,cediamo,cedete,cedano",
cercare,"cercare,cercante,cercando,cercato,avere cercato,avendo cercato,avente cercato","cerco,cerchi,cerca,cerchiamo,cercate,cercano","cercavo,cercavi,cercava,cercavamo,cercavate,cercavano","cercherò,cercherai,cercherà,cercheremo,cercherete,cercheranno","cercai,cercasti,cercò,cercammo,cercaste,cercarono","ho cercato,hai cercato,ha cercato,abbiamo cercato,avete cercato,hanno cercato","avevo cercato,avevi cercato,aveva cercato,avevamo cercato,avevate cercato,avevano cercato","avrò cercato,avrai cercato,avrà cercato,avremo cercato,avrete cercato,avranno cercato","ebbi cercato,avesti cercato,ebbe cercato,avemmo cercato,aveste cercato,ebbero cercato","cerchi,cerchi,cerchi,cerchiamo,cerchiate,cerchino","abbia cercato,abbia cercato,abbia cercato,abbiamo cercato,abbiate cercato,abbiano cercato","cercassi,cercassi,cercasse,cercassimo,cercaste,cercassero","avessi cercato,avessi cercato,avesse cercato,avessimo cercato,aveste cercato,avessero cercato","cercherei,cercheresti,cercherebbe,cercheremmo,cerchereste,cercherebbero","avrei cercato,avresti cercato,avrebbe cercato,avremmo cercato,avreste cercato,avrebbero cercato","cerca,cerchi,cerchiamo,cercate,cerchino",
chiedere,"chiedere,chiedente,chiedendo,chiesto,avere chiesto,avendo chiesto,avente chiesto","chiedo,chiedi,chiede,chiediamo,chiedete,chiedono","chiedevo,chiedevi,chiedeva,chiedevamo,chiedevate,chiedevano","chiederò,chiederai,chiederà,chiederemo,chiederete,chiederanno","chiesi,chiedesti,chiese,chiedemmo,chiedeste,chiesero","ho chiesto,hai chiesto,ha chiesto,abbiamo chiesto,avete chiesto,hanno chiesto","avevo chiesto,avevi chiesto,aveva chiesto,avevamo chiesto,avevate chiesto,avevano chiesto","avrò chiesto,avrai chiesto,avrà chiesto,avremo chiesto,avrete chiesto,avranno chiesto","ebbi chiesto,avesti chiesto,ebbe chiesto,avemmo chiesto,aveste chiesto,ebbero chiesto","chieda,chieda,chieda,chiediamo,chiediate,chiedano","abbia chiesto,abbia chiesto,abbia chiesto,abbiamo chiesto,abbiate chiesto,abbiano chiesto","chiedessi,chiedessi,chiedesse,chiedessimo,chiedeste,chiedessero","avessi chiesto,avessi chiesto,avesse chiesto,avessimo chiesto,aveste chiesto,avessero chiesto","chiederei,chiederesti,chiederebbe,chiederemmo,chiedereste,chiederebbero","avrei chiesto,avresti chiesto,avrebbe chiesto,avremmo chiesto,avreste chiesto,avrebbero chiesto","chiedi,chieda,chiediamo,chiedete,chiedano",
chiudere,"chiudere,chiudente,chiudendo,chiuso,avere chiuso,avendo chiuso,avente chiuso","chiudo,chiudi,chiude,chiudiamo,chiudete,chiudono","chiudevo,chiudevi,chiudeva,chiudevamo,chiudevate,chiudevano","chiuderò,chiuderai,chiuderà,chiuderemo,chiuderete,chiuderanno","chiusi,chiudesti,chiuse,chiudemmo,chiudeste,chiusero","ho chiuso,hai chiuso,ha chiuso,abbiamo chiuso,avete chiuso,hanno chiuso","avevo chiuso,avevi chiuso,aveva chiuso,avevamo chiuso,avevate chiuso,avevano chiuso","avrò chiuso,avrai chiuso,avrà chiuso,avremo chiuso,avrete chiuso,avranno chiuso","ebbi chiuso,avesti chiuso,ebbe chiuso,avemmo chiuso,aveste chiuso,ebbero chiuso","chiuda,chiuda,chiuda,chiudiamo,chiudiate,chiudano","abbia chiuso,abbia chiuso,abbia chiuso,abbiamo chiuso,abbiate chiuso,abbiano chiuso","chiudessi,chiudessi,chiudesse,chiudessimo,chiudeste,chiudessero","avessi chiuso,avessi chiuso,avesse chiuso,avessimo chiuso,aveste chiuso,avessero chiuso","chiuderei,chiuderesti,chiuderebbe,chiuderemmo,chiudereste,chiuderebbero","avrei chiuso,avresti chiuso,avrebbe chiuso,avremmo chiuso,avreste chiuso,avrebbero chiuso","chiudi,chiuda,chiudiamo,chiudete,chiudano",
cominciare,"cominciare,cominciante,cominciando,cominciato,avere cominciato; essere cominciato,avendo cominciato; essendo cominciato,avente cominciato; essente cominciato","comincio,cominci,comincia,cominciamo,cominciate,cominciano","cominciavo,cominciavi,cominciava,cominciavamo,cominciavate,cominciavano","comincerò,comincerai,comincerà,cominceremo,comincerete,cominceranno","cominciai,cominciasti,cominciò,cominciammo,cominciaste,cominciarono","ho cominciato; sono cominciato,hai cominciato; sei cominciato,ha cominciato; è cominciato,abbiamo cominciato; siamo cominciati,avete cominciato; siete cominciati,hanno cominciato; sono cominciati","avevo cominciato; ero cominciato,avevi cominciato; eri cominciato,aveva cominciato; era cominciato,avevamo cominciato; eravamo cominciati,avevate cominciato; eravate cominciati,avevano cominciato; erano cominciati","avrò cominciato; sarò cominciato,avrai cominciato; sarai cominciato,avrà cominciato; sarà cominciato,avremo cominciato; saremo cominciati,avrete cominciato; sarete cominciati,avranno cominciato; saranno cominciati","ebbi cominciato; fui cominciato,avesti cominciato; fosti cominciato,ebbe cominciato; fu cominciato,avemmo cominciato; fummo cominciati,aveste cominciato; foste cominciati,ebbero cominciato; furono cominciati","cominci,cominci,cominci,cominciamo,cominciate,comincino","abbia cominciato; sia cominciato,abbia cominciato; sia cominciato,abbia cominciato; sia cominciato,abbiamo cominciato; siamo cominciati,abbiate cominciato; siate cominciati,abbiano cominciato; siano cominciati","cominciassi,cominciassi,cominciasse,cominciassimo,cominciaste,cominciassero","avessi cominciato; fossi cominciato,avessi cominciato; fossi cominciato,avesse cominciato; fosse cominciato,avessimo cominciato; fossimo cominciati,aveste cominciato; foste cominciati,avessero cominciato; fossero cominciati","comincerei,cominceresti,comincerebbe,cominceremmo,comincereste,comincerebbero","avrei cominciato; sarei cominciato,avresti cominciato; saresti cominciato,avrebbe cominciato; sarebbe cominciato,avremmo cominciato; saremmo cominciati,avreste cominciato; sareste cominciati,avrebbero cominciato; sarebbero cominciati","comincia,cominci,cominciamo,cominciate,comincino",
conoscere,"conoscere,conoscente,conoscendo,conosciuto,avere conosciuto,avendo conosciuto,avente conosciuto","conosco,conosci,conosce,conosciamo,conoscete,conoscono","conoscevo,conoscevi,conosceva,conoscevamo,conoscevate,conoscevano","conoscerò,conoscerai,conoscerà,conosceremo,conoscerete,conosceranno","conobbi,conoscesti,conobbe,conoscemmo,conosceste,conobbero","ho conosciuto,hai conosciuto,ha conosciuto,abbiamo conosciuto,avete conosciuto,hanno conosciuto","avevo conosciuto,avevi conosciuto,aveva conosciuto,avevamo conosciuto,avevate conosciuto,avevano conosciuto","avrò conosciuto,avrai conosciuto,avrà conosciuto,avremo conosciuto,avrete conosciuto,avranno conosciuto","ebbi conosciuto,avesti conosciuto,ebbe conosciuto,avemmo conosciuto,aveste conosciuto,ebbero conosciuto","conosca,conosca,conosca,conosciamo,conosciate,conoscano","abbia conosciuto,abbia conosciuto,abbia conosciuto,abbiamo conosciuto,abbiate conosciuto,abbiano conosciuto","conoscessi,conoscessi,conoscesse,conoscessimo,conosceste,conoscessero","avessi conosciuto,avessi conosciuto,avesse conosciuto,avessimo conosciuto,aveste conosciuto,avessero conosciuto","conoscerei,conosceresti,conoscerebbe,conosceremmo,conoscereste,conoscerebbero","avrei conosciuto,avresti conosciuto,avrebbe conosciuto,avremmo conosciuto,avreste conosciuto,avrebbero conosciuto","conosci,conosca,conosciamo,conoscete,conoscano",
consumare,"consumare,consumante,consumando,consumato,avere consumato,avendo consumato,avente consumato","consumo,consumi,consuma,consumiamo,consumate,consumano","consumavo,consumavi,consumava,consumavamo,consumavate,consumavano","consumerò,consumerai,consumerà,consumeremo,consumerete,consumeranno","consumai,consumasti,consumò,consumammo,consumaste,consumarono","ho consumato,hai consumato,ha consumato,abbiamo consumato,avete consumato,hanno consumato","avevo consumato,avevi consumato,aveva consumato,avevamo consumato,avevate consumato,avevano consumato","avrò consumato,avrai consumato,avrà consumato,avremo consumato,avrete consumato,avranno consumato","ebbi consumato,avesti consumato,ebbe consumato,avemmo consumato,aveste consumato,ebbero consumato","consumi,consumi,consumi,consumiamo,consumiate,consumino","abbia consumato,abbia consumato,abbia consumato,abbiamo consumato,abbiate consumato,abbiano consumato","consumassi,consumassi,consumasse,consumassimo,consumaste,consumassero","avessi consumato,avessi consumato,avesse consumato,avessimo consumato,aveste consumato,avessero consumato","consumerei,consumeresti,consumerebbe,consumeremmo,consumereste,consumerebbero","avrei consumato,avresti consumato,avrebbe consumato,avremmo consumato,avreste consumato,avrebbero consumato","consuma,consumi,consumiamo,consumate,consumino",
correre,"correre,corrente,correndo,corso,avere corso; essere corso,avendo corso; essendo corso,avente corso; essente corso","corro,corri,corre,corriamo,correte,corrono","correvo,correvi,correva,correvamo,correvate,correvano","correrò,correrai,correrà,correremo,correrete,correranno","corsi,corresti,corse,corremmo,correste,corsero","ho corso; sono corso,hai corso; sei corso,ha corso; è corso,abbiamo corso; siamo corsi,avete corso; siete corsi,hanno corso; sono corsi","avevo corso; ero corso,avevi corso; eri corso,aveva corso; era corso,avevamo corso; eravamo corsi,avevate corso; eravate corsi,avevano corso; erano corsi","avrò corso; sarò corso,avrai corso; sarai corso,avrà corso; sarà corso,avremo corso; saremo corsi,avrete corso; sarete corsi,avranno corso; saranno corsi","ebbi corso; fui corso,avesti corso; fosti corso,ebbe corso; fu corso,avemmo corso; fummo corsi,aveste corso; foste corsi,ebbero corso; furono corsi","corra,corra,corra,corriamo,corriate,corrano","abbia corso; sia corso,abbia corso; sia corso,abbia corso; sia corso,abbiamo corso; siamo corsi,abbiate corso; siate corsi,abbiano corso; siano corsi","corressi,corressi,corresse,corressimo,correste,corressero","avessi corso; fossi corso,avessi corso; fossi corso,avesse corso; fosse corso,avessimo corso; fossimo corsi,aveste corso; foste corsi,avessero corso; fossero corsi","correrei,correresti,correrebbe,correremmo,correreste,correrebbero","avrei corso; sarei corso,avresti corso; saresti corso,avrebbe corso; sarebbe corso,avremmo corso; saremmo corsi,avreste corso; sareste corsi,avrebbero corso; sarebbero corsi","corri,corra,corriamo,correte,corrano",
costruire,"costruire,costruente,costruendo,costruito; costrutto,avere costruito,avendo costruito,avente costruito","costruisco,costruisci,costruisce,costruiamo,costruite,costruiscono","costruivo,costruivi,costruiva,costruivamo,costruivate,costruivano","costruirò,costruirai,costruirà,costruiremo,costruirete,costruiranno","costrussi; costruii,costruisti,costrusse; costruì,costruimmo,costruiste,costrussero; costruirono","ho costruito,hai costruito,ha costruito,abbiamo costruito,avete costruito,hanno costruito","avevo costruito,avevi costruito,aveva costruito,avevamo costruito,avevate costruito,avevano costruito","avrò costruito,avrai costruito,avrà costruito,avremo costruito,avrete costruito,avranno costruito","ebbi costruito,avesti costruito,ebbe costruito,avemmo costruito,aveste costruito,ebbero costruito","costruisca,costruisca,costruisca,costruiamo,costruiate,costruiscano","abbia costruito,abbia costruito,abbia costruito,abbiamo costruito,abbiate costruito,abbiano costruito","costruissi,costruissi,costruisse,costruissimo,costruiste,costruissero","avessi costruito,avessi costruito,avesse costruito,avessimo costruito,aveste costruito,avessero costruito","costruirei,costruiresti,costruirebbe,costruiremmo,costruireste,costruirebbero","avrei costruito,avresti costruito,avrebbe costruito,avremmo costruito,avreste costruito,avrebbero costruito","costruisci,costruisca,costruiamo,costruite,costruiscano",
credere,"credere,credente,credendo,creduto,avere creduto,avendo creduto,avente creduto","credo,credi,crede,crediamo,credete,credono","credevo,credevi,credeva,credevamo,credevate,credevano","crederò,crederai,crederà,crederemo,crederete,crederanno","credei; credetti,credesti,credé; credette,credemmo,credeste,crederono; credettero","ho creduto,hai creduto,ha creduto,abbiamo creduto,avete creduto,hanno creduto","avevo creduto,avevi creduto,aveva creduto,avevamo creduto,avevate creduto,avevano creduto","avrò creduto,avrai creduto,avrà creduto,avremo creduto,avrete creduto,avranno creduto","ebbi creduto,avesti creduto,ebbe creduto,avemmo creduto,aveste creduto,ebbero creduto","creda,creda,creda,crediamo,crediate,credano","abbia creduto,abbia creduto,abbia creduto,abbiamo creduto,abbiate creduto,abbiano creduto","credessi,credessi,credesse,credessimo,credeste,credessero","avessi creduto,avessi creduto,avesse creduto,avessimo creduto,aveste creduto,avessero creduto","crederei,crederesti,crederebbe,crederemmo,credereste,crederebbero","avrei creduto,avresti creduto,avrebbe creduto,avremmo creduto,avreste creduto,avrebbero creduto","credi,creda,crediamo,credete,credano",
crescere,"crescere,crescente,crescendo,cresciuto,essere cresciuto,essendo cresciuto,essente cresciuto","cresco,cresci,cresce,cresciamo,crescete,crescono","crescevo,crescevi,cresceva,crescevamo,crescevate,crescevano","crescerò,crescerai,crescerà,cresceremo,crescerete,cresceranno","crebbi,crescesti,crebbe,crescemmo,cresceste,crebbero","sono cresciuto,sei cresciuto,è cresciuto,siamo cresciuti,siete cresciuti,sono cresciuti","ero cresciuto,eri cresciuto,era cresciuto,eravamo cresciuti,eravate cresciuti,erano cresciuti","sarò cresciuto,sarai cresciuto,sarà cresciuto,saremo cresciuti,sarete cresciuti,saranno cresciuti","fui cresciuto,fosti cresciuto,fu cresciuto,fummo cresciuti,foste cresciuti,furono cresciuti","cresca,cresca,cresca,cresciamo,cresciate,crescano","sia cresciuto,sia cresciuto,sia cresciuto,siamo cresciuti,siate cresciuti,siano cresciuti","crescessi,crescessi,crescesse,crescessimo,cresceste,crescessero","fossi cresciuto,fossi cresciuto,fosse cresciuto,fossimo cresciuti,foste cresciuti,fossero cresciuti","crescerei,cresceresti,crescerebbe,cresceremmo,crescereste,crescerebbero","sarei cresciuto,saresti cresciuto,sarebbe cresciuto,saremmo cresciuti,sareste cresciuti,sarebbero cresciuti","cresci,cresca,cresciamo,crescete,crescano",
cucire,"cucire,cucente,cucendo,cucito,avere cucito,avendo cucito,avente cucito","cucio,cuci,cuce,cuciamo,cucite,cuciono","cucivo,cucivi,cuciva,cucivamo,cucivate,cucivano","cucirò,cucirai,cucirà,cuciremo,cucirete,cuciranno","cucii,cucisti,cucì,cucimmo,cuciste,cucirono","ho cucito,hai cucito,ha cucito,abbiamo cucito,avete cucito,hanno cucito","avevo cucito,avevi cucito,aveva cucito,avevamo cucito,avevate cucito,avevano cucito","avrò cucito,avrai cucito,avrà cucito,avremo cucito,avrete cucito,avranno cucito","ebbi cucito,avesti cucito,ebbe cucito,avemmo cucito,aveste cucito,ebbero cucito","cucia,cucia,cucia,cuciamo,cuciate,cuciano","abbia cucito,abbia cucito,abbia cucito,abbiamo cucito,abbiate cucito,abbiano cucito","cucissi,cucissi,cucisse,cucissimo,cuciste,cucissero","avessi cucito,avessi cucito,avesse cucito,avessimo cucito,aveste cucito,avessero cucito","cucirei,cuciresti,cucirebbe,cuciremmo,cucireste,cucirebbero","avrei cucito,avresti cucito,avrebbe cucito,avremmo cucito,avreste cucito,avrebbero cucito","cuci,cucia,cuciamo,cucite,cuciano",
dare,"dare,dante,dando,dato,avere dato,avendo dato,avente dato","do,dai,dà,diamo,date,dànno","davo,davi,dava,davamo,davate,davano","darò,darai,darà,daremo,darete,daranno","diedi; detti,desti,diede; dette; dètte,demmo,deste,diedero; dettero","ho dato,hai dato,ha dato,abbiamo dato,avete dato,hanno dato","avevo dato,avevi dato,aveva dato,avevamo dato,avevate dato,avevano dato","avrò dato,avrai dato,avrà dato,avremo dato,avrete dato,avranno dato","ebbi dato,avesti dato,ebbe dato,avemmo dato,aveste dato,ebbero dato","dia,dia,dia,diamo,diate,diano","abbia dato,abbia dato,abbia dato,abbiamo dato,abbiate dato,abbiano dato","dessi,dessi,desse,dessimo,deste,dessero","avessi dato,avessi dato,avesse dato,avessimo dato,aveste dato,avessero dato","darei,daresti,darebbe,daremmo,dareste,darebbero","avrei dato,avresti dato,avrebbe dato,avremmo dato,avreste dato,avrebbero dato","da'; dai,dia,diamo,date,diano",
dire,"dire,dicente,dicendo,detto,avere detto,avendo detto,avente detto","dico,dici,dice,diciamo,dite,dicono","dicevo,dicevi,diceva,dicevamo,dicevate,dicevano","dirò,dirai,dirà,diremo,direte,diranno","dissi,dicesti,disse,dicemmo,diceste,dissero","ho detto,hai detto,ha detto,abbiamo detto,avete detto,hanno detto","avevo detto,avevi detto,aveva detto,avevamo detto,avevate detto,avevano detto","avrò detto,avrai detto,avrà detto,avremo detto,avrete detto,avranno detto","ebbi detto,avesti detto,ebbe detto,avemmo detto,aveste detto,ebbero detto","dica,dica,dica,diciamo,diciate,dicano","abbia detto,abbia detto,abbia detto,abbiamo detto,abbiate detto,abbiano detto","dicessi,dicessi,dicesse,dicessimo,diceste,dicessero","avessi detto,avessi detto,avesse detto,avessimo detto,aveste detto,avessero detto","direi,diresti,direbbe,diremmo,direste,direbbero","avrei detto,avresti detto,avrebbe detto,avremmo detto,avreste detto,avrebbero detto","di',dica,diciamo,dite,dicano",
dirigere,"dirigere,dirigente,dirigendo,diretto,avere diretto,avendo diretto,avente diretto","dirigo,dirigi,dirige,dirigiamo,dirigete,dirigono","dirigevo,dirigevi,dirigeva,dirigevamo,dirigevate,dirigevano","dirigerò,dirigerai,dirigerà,dirigeremo,dirigerete,dirigeranno","diressi,dirigesti,diresse,dirigemmo,dirigeste,diressero","ho diretto,hai diretto,ha diretto,abbiamo diretto,avete diretto,hanno diretto","avevo diretto,avevi diretto,aveva diretto,avevamo diretto,avevate diretto,avevano diretto","avrò diretto,avrai diretto,avrà diretto,avremo diretto,avrete diretto,avranno diretto","ebbi diretto,avesti diretto,ebbe diretto,avemmo diretto,aveste diretto,ebbero diretto","diriga,diriga,diriga,dirigiamo,dirigiate,dirigano","abbia diretto,abbia diretto,abbia diretto,abbiamo diretto,abbiate diretto,abbiano diretto","dirigessi,dirigessi,dirigesse,dirigessimo,dirigeste,dirigessero","avessi diretto,avessi diretto,avesse diretto,avessimo diretto,aveste diretto,avessero diretto","dirigerei,dirigeresti,dirigerebbe,dirigeremmo,dirigereste,dirigerebbero","avrei diretto,avresti diretto,avrebbe diretto,avremmo diretto,avreste diretto,avrebbero diretto","dirigi,diriga,dirigiamo,dirigete,dirigano",
discutere,"discutere,discutente,discutendo,discusso,avere discusso,avendo discusso,avente discusso","discuto,discuti,discute,discutiamo,discutete,discutono","discutevo,discutevi,discuteva,discutevamo,discutevate,discutevano","discuterò,discuterai,discuterà,discuteremo,discuterete,discuteranno","discussi; discutei,discutesti,discusse; discuté,discutemmo,discuteste,discussero; discuterono","ho discusso,hai discusso,ha discusso,abbiamo discusso,avete discusso,hanno discusso","avevo discusso,avevi discusso,aveva discusso,avevamo discusso,avevate discusso,avevano discusso","avrò discusso,avrai discusso,avrà discusso,avremo discusso,avrete discusso,avranno discusso","ebbi discusso,avesti discusso,ebbe discusso,avemmo discusso,aveste discusso,ebbero discusso","discuta,discuta,discuta,discutiamo,discutiate,discutano","abbia discusso,abbia discusso,abbia discusso,abbiamo discusso,abbiate discusso,abbiano discusso","discutessi,discutessi,discutesse,discutessimo,discuteste,discutessero","avessi discusso,avessi discusso,avesse discusso,avessimo discusso,aveste discusso,avessero discusso","discuterei,discuteresti,discuterebbe,discuteremmo,discutereste,discuterebbero","avrei discusso,avresti discusso,avrebbe discusso,avremmo discusso,avreste discusso,avrebbero discusso","discuti,discuta,discutiamo,discutete,discutano",
dolere,"dolere,dolente,dolendo,doluto,avere doluto,avendo doluto,avente doluto","dolgo,duoli,duole,doliamo; dogliamo,dolete,dolgono","dolevo,dolevi,doleva,dolevamo,dolevate,dolevano","dorrò,dorrai,dorrà,dorremo,dorrete,dorranno","dolsi,dolesti,dolse,dolemmo,doleste,dolsero","ho doluto,hai doluto,ha doluto,abbiamo doluto,avete doluto,hanno doluto","avevo doluto,avevi doluto,aveva doluto,avevamo doluto,avevate doluto,avevano doluto","avrò doluto,avrai doluto,avrà doluto,avremo doluto,avrete doluto,avranno doluto","ebbi doluto,avesti doluto,ebbe doluto,avemmo doluto,aveste doluto,ebbero doluto","dolga,dolga,dolga,doliamo; dogliamo,doliate; dogliate,dolgano","abbia doluto,abbia doluto,abbia doluto,abbiamo doluto,abbiate doluto,abbiano doluto","dolessi,dolessi,dolesse,dolessimo,doleste,dolessero","avessi doluto,avessi doluto,avesse doluto,avessimo doluto,aveste doluto,avessero doluto","dorrei,dorresti,dorrebbe,dorremmo,dorreste,dorrebbero","avrei doluto,avresti doluto,avrebbe doluto,avremmo doluto,avreste doluto,avrebbero doluto","duoli,dolga,doliamo; dogliamo,dolete,dolgano",
dormire,"dormire,dormente,dormendo,dormito,avere dormito,avendo dormito,avente dormito","dormo,dormi,dorme,dormiamo,dormite,dormono","dormivo,dormivi,dormiva,dormivamo,dormivate,dormivano","dormirò,dormirai,dormirà,dormiremo,dormirete,dormiranno","dormii,dormisti,dormì,dormimmo,dormiste,dormirono","ho dormito,hai dormito,ha dormito,abbiamo dormito,avete dormito,hanno dormito","avevo dormito,avevi dormito,aveva dormito,avevamo dormito,avevate dormito,avevano dormito","avrò dormito,avrai dormito,avrà dormito,avremo dormito,avrete dormito,avranno dormito","ebbi dormito,avesti dormito,ebbe dormito,avemmo dormito,aveste dormito,ebbero dormito","dorma,dorma,dorma,dormiamo,dormiate,dormano","abbia dormito,abbia dormito,abbia dormito,abbiamo dormito,abbiate dormito,abbiano dormito","dormissi,dormissi,dormisse,dormissimo,dormiste,dormissero","avessi dormito,avessi dormito,avesse dormito,avessimo dormito,aveste dormito,avessero dormito","dormirei,dormiresti,dormirebbe,dormiremmo,dormireste,dormirebbero","avrei dormito,avresti dormito,avrebbe dormito,avremmo dormito,avreste dormito,avrebbero dormito","dormi,dorma,dormiamo,dormite,dormano",
dovere,"dovere,dovente,dovendo,dovuto,avere dovuto,avendo dovuto,avente dovuto","devo; debbo,devi,deve,dobbiamo,dovete,devono; debbono","dovevo,dovevi,doveva,dovevamo,dovevate,dovevano","dovrò,dovrai,dovrà,dovremo,dovrete,dovranno","dovei; dovetti,dovesti,dové; dovette,dovemmo,doveste,doverono; dovettero","ho dovuto,hai dovuto,ha dovuto,abbiamo dovuto,avete dovuto,hanno dovuto","avevo dovuto,avevi dovuto,aveva dovuto,avevamo dovuto,avevate dovuto,avevano dovuto","avrò dovuto,avrai dovuto,avrà dovuto,avremo dovuto,avrete dovuto,avranno dovuto","ebbi dovuto,avesti dovuto,ebbe dovuto,avemmo dovuto,aveste dovuto,ebbero dovuto","debba,debba,debba,dobbiamo,dobbiate,debbano","abbia dovuto,abbia dovuto,abbia dovuto,abbiamo dovuto,abbiate dovuto,abbiano dovuto","dovessi,dovessi,dovesse,dovessimo,doveste,dovessero","avessi dovuto,avessi dovuto,avesse dovuto,avessimo dovuto,aveste dovuto,avessero dovuto","dovrei,dovresti,dovrebbe,dovremmo,dovreste,dovrebbero","avrei dovuto,avresti dovuto,avrebbe dovuto,avremmo dovuto,avreste dovuto,avrebbero dovuto","devi,debba,dobbiamo,dovete,debbano",
entrare,"entrare,entrante,entrando,entrato,essere entrato,essendo entrato,essente entrato","entro,entri,entra,entriamo,entrate,entrano","entravo,entravi,entrava,entravamo,entravate,entravano","entrerò,entrerai,entrerà,entreremo,entrerete,entreranno","entrai,entrasti,entrò,entrammo,entraste,entrarono","sono entrato,sei entrato,è entrato,siamo entrati,siete entrati,sono entrati","ero entrato,eri entrato,era entrato,eravamo entrati,eravate entrati,erano entrati","sarò entrato,sarai entrato,sarà entrato,saremo entrati,sarete entrati,saranno entrati","fui entrato,fosti entrato,fu entrato,fummo entrati,foste entrati,furono entrati","entri,entri,entri,entriamo,entriate,entrino","sia entrato,sia entrato,sia entrato,siamo entrati,siate entrati,siano entrati","entrassi,entrassi,entrasse,entrassimo,entraste,entrassero","fossi entrato,fossi entrato,fosse entrato,fossimo entrati,foste entrati,fossero entrati","entrerei,entreresti,entrerebbe,entreremmo,entrereste,entrerebbero","sarei entrato,saresti entrato,sarebbe entrato,saremmo entrati,sareste entrati,sarebbero entrati","entra,entri,entriamo,entrate,entrino",
esigere,"esigere,esigente,esigendo,esatto,avere esatto,avendo esatto,avente esatto","esigo,esigi,esige,esigiamo,esigete,esigono","esigevo,esigevi,esigeva,esigevamo,esigevate,esigevano","esigerò,esigerai,esigerà,esigeremo,esigerete,esigeranno","esigei; esigetti,esigesti,esigé; esigette,esigemmo,esigeste,esigerono; esigettero","ho esatto,hai esatto,ha esatto,abbiamo esatto,avete esatto,hanno esatto","avevo esatto,avevi esatto,aveva esatto,avevamo esatto,avevate esatto,avevano esatto","avrò esatto,avrai esatto,avrà esatto,avremo esatto,avrete esatto,avranno esatto","ebbi esatto,avesti esatto,ebbe esatto,avemmo esatto,aveste esatto,ebbero esatto","esiga,esiga,esiga,esigiamo,esigiate,esigano","abbia esatto,abbia esatto,abbia esatto,abbiamo esatto,abbiate esatto,abbiano esatto","esigessi,esigessi,esigesse,esigessimo,esigeste,esigessero","avessi esatto,avessi esatto,avesse esatto,avessimo esatto,aveste esatto,avessero esatto","esigerei,esigeresti,esigerebbe,esigeremmo,esigereste,esigerebbero","avrei esatto,avresti esatto,avrebbe esatto,avremmo esatto,avreste esatto,avrebbero esatto","esigi,esiga,esigiamo,esigete,esigano",
essere,"essere,essente,essendo,stato,essere stato,essendo stato,essente stato","sono,sei,è,siamo,siete,sono","ero,eri,era,eravamo,eravate,erano","sarò,sarai,sarà,saremo,sarete,saranno","fui,fosti,fu,fummo,foste,furono","sono stato,sei stato,è stato,siamo stati,siete stati,sono stati","ero stato,eri stato,era stato,eravamo stati,eravate stati,erano stati","sarò stato,sarai stato,sarà stato,saremo stati,sarete stati,saranno stati","fui stato,fosti stato,fu stato,fummo stati,foste stati,furono stati","sia,sia,sia,siamo,siate,siano","sia stato,sia stato,sia stato,siamo stati,siate stati,siano stati","fossi,fossi,fosse,fossimo,foste,fossero","fossi stato,fossi stato,fosse stato,fossimo stati,foste stati,fossero stati","sarei,saresti,sarebbe,saremmo,sareste,sarebbero","sarei stato,saresti stato,sarebbe stato,saremmo stati,sareste stati,sarebbero stati","sii,sia,siamo,siate,siano",
fare,"fare,facente,facendo,fatto,avere fatto,avendo fatto,avente fatto","faccio,fai,fa,facciamo,fate,fanno","facevo,facevi,faceva,facevamo,facevate,facevano","farò,farai,farà,faremo,farete,faranno","feci,facesti,fece,facemmo,faceste,fecero","ho fatto,hai fatto,ha fatto,abbiamo fatto,avete fatto,hanno fatto","avevo fatto,avevi fatto,aveva fatto,avevamo fatto,avevate fatto,avevano fatto","avrò fatto,avrai fatto,avrà fatto,avremo fatto,avrete fatto,avranno fatto","ebbi fatto,avesti fatto,ebbe fatto,avemmo fatto,aveste fatto,ebbero fatto","faccia,faccia,faccia,facciamo,facciate,facciano","abbia fatto,abbia fatto,abbia fatto,abbiamo fatto,abbiate fatto,abbiano fatto","facessi,facessi,facesse,facessimo,faceste,facessero","avessi fatto,avessi fatto,avesse fatto,avessimo fatto,aveste fatto,avessero fatto","farei,faresti,farebbe,faremmo,fareste,farebbero","avrei fatto,avresti fatto,avrebbe fatto,avremmo fatto,avreste fatto,avrebbero fatto","fa'; fai,faccia,facciamo,fate,facciano",
finire,"finire,finente,finendo,finito,avere finito; essere finito,avendo finito; essendo finito,avente finito; essente finito","finisco,finisci,finisce,finiamo,finite,finiscono","finivo,finivi,finiva,finivamo,finivate,finivano","finirò,finirai,finirà,finiremo,finirete,finiranno","finii,finisti,finì,finimmo,finiste,finirono","ho finito; sono finito,hai finito; sei finito,ha finito; è finito,abbiamo finito; siamo finiti,avete finito; siete finiti,hanno finito; sono finiti","avevo finito; ero finito,avevi finito; eri finito,aveva finito; era finito,avevamo finito; eravamo finiti,avevate finito; eravate finiti,avevano finito; erano finiti","avrò finito; sarò finito,avrai finito; sarai finito,avrà finito; sarà finito,avremo finito; saremo finiti,avrete finito; sarete finiti,avranno finito; saranno finiti","ebbi finito; fui finito,avesti finito; fosti finito,ebbe finito; fu finito,avemmo finito; fummo finiti,aveste finito; foste finiti,ebbero finito; furono finiti","finisca,finisca,finisca,finiamo,finiate,finiscano","abbia finito; sia finito,abbia finito; sia finito,abbia finito; sia finito,abbiamo finito; siamo finiti,abbiate finito; siate finiti,abbiano finito; siano finiti","finissi,finissi,finisse,finissimo,finiste,finissero","avessi finito; fossi finito,avessi finito; fossi finito,avesse finito; fosse finito,avessimo finito; fossimo finiti,aveste finito; foste finiti,avessero finito; fossero finiti","finirei,finiresti,finirebbe,finiremmo,finireste,finirebbero","avrei finito; sarei finito,avresti finito; saresti finito,avrebbe finito; sarebbe finito,avremmo finito; saremmo finiti,avreste finito; sareste finiti,avrebbero finito; sarebbero finiti","finisci,finisca,finiamo,finite,finiscano",
fuggire,"fuggire,fuggente,fuggendo,fuggito,avere fuggito; essere fuggito,avendo fuggito; essendo fuggito,avente fuggito; essente fuggito","fuggo,fuggi,fugge,fuggiamo,fuggite,fuggono","fuggivo,fuggivi,fuggiva,fuggivamo,fuggivate,fuggivano","fuggirò,fuggirai,fuggirà,fuggiremo,fuggirete,fuggiranno","fuggii,fuggisti,fuggì,fuggimmo,fuggiste,fuggirono","ho fuggito; sono fuggito,hai fuggito; sei fuggito,ha fuggito; è fuggito,abbiamo fuggito; siamo fuggiti,avete fuggito; siete fuggiti,hanno fuggito; sono fuggiti","avevo fuggito; ero fuggito,avevi fuggito; eri fuggito,aveva fuggito; era fuggito,avevamo fuggito; eravamo fuggiti,avevate fuggito; eravate fuggiti,avevano fuggito; erano fuggiti","avrò fuggito; sarò fuggito,avrai fuggito; sarai fuggito,avrà fuggito; sarà fuggito,avremo fuggito; saremo fuggiti,avrete fuggito; sarete fuggiti,avranno fuggito; saranno fuggiti","ebbi fuggito; fui fuggito,avesti fuggito; fosti fuggito,ebbe fuggito; fu fuggito,avemmo fuggito; fummo fuggiti,aveste fuggito; foste fuggiti,ebbero fuggito; furono fuggiti","fugga,fugga,fugga,fuggiamo,fuggiate,fuggano","abbia fuggito; sia fuggito,abbia fuggito; sia fuggito,abbia fuggito; sia fuggito,abbiamo fuggito; siamo fuggiti,abbiate fuggito; siate fuggiti,abbiano fuggito; siano fuggiti","fuggissi,fuggissi,fuggisse,fuggissimo,fuggiste,fuggissero","avessi fuggito; fossi fuggito,avessi fuggito; fossi fuggito,avesse fuggito; fosse fuggito,avessimo fuggito; fossimo fuggiti,aveste fuggito; foste fuggiti,avessero fuggito; fossero fuggiti","fuggirei,fuggiresti,fuggirebbe,fuggiremmo,fuggireste,fuggirebbero","avrei fuggito; sarei fuggito,avresti fuggito; saresti fuggito,avrebbe fuggito; sarebbe fuggito,avremmo fuggito; saremmo fuggiti,avreste fuggito; sareste fuggiti,avrebbero fuggito; sarebbero fuggiti","fuggi,fugga,fuggiamo,fuggite,fuggano",
giocare,"giocare,giocante,giocando,giocato,avere giocato,avendo giocato,avente giocato","gioco,giochi,gioca,giochiamo,giocate,giocano","giocavo,giocavi,giocava,giocavamo,giocavate,giocavano","giocherò,giocherai,giocherà,giocheremo,giocherete,giocheranno","giocai,giocasti,giocò,giocammo,giocaste,giocarono","ho giocato,hai giocato,ha giocato,abbiamo giocato,avete giocato,hanno giocato","avevo giocato,avevi giocato,aveva giocato,avevamo giocato,avevate giocato,avevano giocato","avrò giocato,avrai giocato,avrà giocato,avremo giocato,avrete giocato,avranno giocato","ebbi giocato,avesti giocato,ebbe giocato,avemmo giocato,aveste giocato,ebbero giocato","giochi,giochi,giochi,giochiamo,giochiate,giochino","abbia giocato,abbia giocato,abbia giocato,abbiamo giocato,abbiate giocato,abbiano giocato","giocassi,giocassi,giocasse,giocassimo,giocaste,giocassero","avessi giocato,avessi giocato,avesse giocato,avessimo giocato,aveste giocato,avessero giocato","giocherei,giocheresti,giocherebbe,giocheremmo,giochereste,giocherebbero","avrei giocato,avresti giocato,avrebbe giocato,avremmo giocato,avreste giocato,avrebbero giocato","gioca,giochi,giochiamo,giocate,giochino",
godere,"godere,godente; gaudente,godendo,goduto,avere goduto,avendo goduto,avente goduto","godo,godi,gode,godiamo,godete,godono","godevo,godevi,godeva,godevamo,godevate,godevano","godrò,godrai,godrà,godremo,godrete,godranno","godei; godetti,godesti,godé; godette,godemmo,godeste,goderono; godettero","ho goduto,hai goduto,ha goduto,abbiamo goduto,avete goduto,hanno goduto","avevo goduto,avevi goduto,aveva goduto,avevamo goduto,avevate goduto,avevano goduto","avrò goduto,avrai goduto,avrà goduto,avremo goduto,avrete goduto,avranno goduto","ebbi goduto,avesti goduto,ebbe goduto,avemmo goduto,aveste goduto,ebbero goduto","goda,goda,goda,godiamo,godiate,godano","abbia goduto,abbia goduto,abbia goduto,abbiamo goduto,abbiate goduto,abbiano goduto","godessi,godessi,godesse,godessimo,godeste,godessero","avessi goduto,avessi goduto,avesse goduto,avessimo goduto,aveste goduto,avessero goduto","goderei; godrei,goderesti; godresti,goderebbe; godrebbe,goderemmo; godremmo,godereste; godreste,goderebbero; godrebbero","avrei goduto,avresti goduto,avrebbe goduto,avremmo goduto,avreste goduto,avrebbero goduto","godi,goda,godiamo,godete,godano",
guardare,"guardare,guardante,guardando,guardato,avere guardato,avendo guardato,avente guardato","guardo,guardi,guarda,guardiamo,guardate,guardano","guardavo,guardavi,guardava,guardavamo,guardavate,guardavano","guarderò,guarderai,guarderà,guarderemo,guarderete,guarderanno","guardai,guardasti,guardò,guardammo,guardaste,guardarono","ho guardato,hai guardato,ha guardato,abbiamo guardato,avete guardato,hanno guardato","avevo guardato,avevi guardato,aveva guardato,avevamo guardato,avevate guardato,avevano guardato","avrò guardato,avrai guardato,avrà guardato,avremo guardato,avrete guardato,avranno guardato","ebbi guardato,avesti guardato,ebbe guardato,avemmo guardato,aveste guardato,ebbero guardato","guardi,guardi,guardi,guardiamo,guardiate,guardino","abbia guardato,abbia guardato,abbia guardato,abbiamo guardato,abbiate guardato,abbiano guardato","guardassi,guardassi,guardasse,guardassimo,guardaste,guardassero","avessi guardato,avessi guardato,avesse guardato,avessimo guardato,aveste guardato,avessero guardato","guarderei,guarderesti,guarderebbe,guarderemmo,guardereste,guarderebbero","avrei guardato,avresti guardato,avrebbe guardato,avremmo guardato,avreste guardato,avrebbero guardato","guarda,guardi,guardiamo,guardate,guardino",
imparare,"imparare,imparante,imparando,imparato,avere imparato,avendo imparato,avente imparato","imparo,impari,impara,impariamo,imparate,imparano","imparavo,imparavi,imparava,imparavamo,imparavate,imparavano","imparerò,imparerai,imparerà,impareremo,imparerete,impareranno","imparai,imparasti,imparò,imparammo,imparaste,impararono","ho imparato,hai imparato,ha imparato,abbiamo imparato,avete imparato,hanno imparato","avevo imparato,avevi imparato,aveva imparato,avevamo imparato,avevate imparato,avevano imparato","avrò imparato,avrai imparato,avrà imparato,avremo imparato,avrete imparato,avranno imparato","ebbi imparato,avesti imparato,ebbe imparato,avemmo imparato,aveste imparato,ebbero imparato","impari,impari,impari,impariamo,impariate,imparino","abbia imparato,abbia imparato,abbia imparato,abbiamo imparato,abbiate imparato,abbiano imparato","imparassi,imparassi,imparasse,imparassimo,imparaste,imparassero","avessi imparato,avessi imparato,avesse imparato,avessimo imparato,aveste imparato,avessero imparato","imparerei,impareresti,imparerebbe,impareremmo,imparereste,imparerebbero","avrei imparato,avresti imparato,avrebbe imparato,avremmo imparato,avreste imparato,avrebbero imparato","impara,impari,impariamo,imparate,imparino",
leggere,"leggere,leggente,leggendo,letto,avere letto,avendo letto,avente letto","leggo,leggi,legge,leggiamo,leggete,leggono","leggevo,leggevi,leggeva,leggevamo,leggevate,leggevano","leggerò,leggerai,leggerà,leggeremo,leggerete,leggeranno","lessi,leggesti,lesse,leggemmo,leggeste,lessero","ho letto,hai letto,ha letto,abbiamo letto,avete letto,hanno letto","avevo letto,avevi letto,aveva letto,avevamo letto,avevate letto,avevano letto","avrò letto,avrai letto,avrà letto,avremo letto,avrete letto,avranno letto","ebbi letto,avesti letto,ebbe letto,avemmo letto,aveste letto,ebbero letto","legga,legga,legga,leggiamo,leggiate,leggano","abbia letto,abbia letto,abbia letto,abbiamo letto,abbiate letto,abbiano letto","leggessi,leggessi,leggesse,leggessimo,leggeste,leggessero","avessi letto,avessi letto,avesse letto,avessimo letto,aveste letto,avessero letto","leggerei,leggeresti,leggerebbe,leggeremmo,leggereste,leggerebbero","avrei letto,avresti letto,avrebbe letto,avremmo letto,avreste letto,avrebbero letto","leggi,legga,leggiamo,leggete,leggano",
mangiare,"mangiare,mangiante,mangiando,mangiato,avere mangiato,avendo mangiato,avente mangiato","mangio,mangi,mangia,mangiamo,mangiate,mangiano","mangiavo,mangiavi,mangiava,mangiavamo,mangiavate,mangiavano","mangerò,mangerai,mangerà,mangeremo,mangerete,mangeranno","mangiai,mangiasti,mangiò,mangiammo,mangiaste,mangiarono","ho mangiato,hai mangiato,ha mangiato,abbiamo mangiato,avete mangiato,hanno mangiato","avevo mangiato,avevi mangiato,aveva mangiato,avevamo mangiato,avevate mangiato,avevano mangiato","avrò mangiato,avrai mangiato,avrà mangiato,avremo mangiato,avrete mangiato,avranno mangiato","ebbi mangiato,avesti mangiato,ebbe mangiato,avemmo mangiato,aveste mangiato,ebbero mangiato","mangi,mangi,mangi,mangiamo,mangiate,mangino","abbia mangiato,abbia mangiato,abbia mangiato,abbiamo mangiato,abbiate mangiato,abbiano mangiato","mangiassi,mangiassi,mangiasse,mangiassimo,mangiaste,mangiassero","avessi mangiato,avessi mangiato,avesse mangiato,avessimo mangiato,aveste mangiato,avessero mangiato","mangerei,mangeresti,mangerebbe,mangeremmo,mangereste,mangerebbero","avrei mangiato,avresti mangiato,avrebbe mangiato,avremmo mangiato,avreste mangiato,avrebbero mangiato","mangia,mangi,mangiamo,mangiate,mangino",
mettere,"mettere,mettente,mettendo,messo,avere messo,avendo messo,avente messo","metto,metti,mette,mettiamo,mettete,mettono","mettevo,mettevi,metteva,mettevamo,mettevate,mettevano","metterò,metterai,metterà,metteremo,metterete,metteranno","misi,mettesti,mise,mettemmo,metteste,misero","ho messo,hai messo,ha messo,abbiamo messo,avete messo,hanno messo","avevo messo,avevi messo,aveva messo,avevamo messo,avevate messo,avevano messo","avrò messo,avrai messo,avrà messo,avremo messo,avrete messo,avranno messo","ebbi messo,avesti messo,ebbe messo,avemmo messo,aveste messo,ebbero messo","metta,metta,metta,mettiamo,mettiate,mettano","abbia messo,abbia messo,abbia messo,abbiamo messo,abbiate messo,abbiano messo","mettessi,mettessi,mettesse,mettessimo,metteste,mettessero","avessi messo,avessi messo,avesse messo,avessimo messo,aveste messo,avessero messo","metterei,metteresti,metterebbe,metteremmo,mettereste,metterebbero","avrei messo,avresti messo,avrebbe messo,avremmo messo,avreste messo,avrebbero messo","metti,metta,mettiamo,mettete,mettano",
morire,"morire,morente,morendo,morto,essere morto,essendo morto,essente morto","muoio,muori,muore,moriamo,morite,muoiono","morivo,morivi,moriva,morivamo,morivate,morivano","morirò; morrò,morirai; morrai,morirà; morrà,moriremo; morremo,morirete; morrete,moriranno; morranno","morii,moristi,morì,morimmo,moriste,morirono","sono morto,sei morto,è morto,siamo morti,siete morti,sono morti","ero morto,eri morto,era morto,eravamo morti,eravate morti,erano morti","sarò morto,sarai morto,sarà morto,saremo morti,sarete morti,saranno morti","fui morto,fosti morto,fu morto,fummo morti,foste morti,furono morti","muoia,muoia,muoia,moriamo,moriate,muoiano","sia morto,sia morto,sia morto,siamo morti,siate morti,siano morti","morissi,morissi,morisse,morissimo,moriste,morissero","fossi morto,fossi morto,fosse morto,fossimo morti,foste morti,fossero morti","morirei; morrei,moriresti; morresti,morirebbe; morrebbe,moriremmo; morremmo,morireste; morreste,morirebbero; morrebbero","sarei morto,saresti morto,sarebbe morto,saremmo morti,sareste morti,sarebbero morti","muori,muoia,moriamo,morite,muoiano",
nascere,"nascere,nascente,nascendo,nato,essere nato,essendo nato,essente nato","nasco,nasci,nasce,nasciamo,nascete,nascono","nascevo,nascevi,nasceva,nascevamo,nascevate,nascevano","nascerò,nascerai,nascerà,nasceremo,nascerete,nasceranno","nacqui,nascesti,nacque,nascemmo,nasceste,nacquero","sono nato,sei nato,è nato,siamo nati,siete nati,sono nati","ero nato,eri nato,era nato,eravamo nati,eravate nati,erano nati","sarò nato,sarai nato,sarà nato,saremo nati,sarete nati,saranno nati","fui nato,fosti nato,fu nato,fummo nati,foste nati,furono nati","nasca,nasca,nasca,nasciamo,nasciate,nascano","sia nato,sia nato,sia nato,siamo nati,siate nati,siano nati","nascessi,nascessi,nascesse,nascessimo,nasceste,nascessero","fossi nato,fossi nato,fosse nato,fossimo nati,foste nati,fossero nati","nascerei,nasceresti,nascerebbe,nasceremmo,nascereste,nascerebbero","sarei nato,saresti nato,sarebbe nato,saremmo nati,sareste nati,sarebbero nati","nasci,nasca,nasciamo,nascete,nascano",
offrire,"offrire; offerire,offrente,offrendo,offerto,avere offerto,avendo offerto,avente offerto","offro,offri,offre,offriamo,offrite,offrono","offrivo,offrivi,offriva,offrivamo,offrivate,offrivano","offrirò,offrirai,offrirà,offriremo,offrirete,offriranno","offrii; offersi,offristi,offrì; offerse,offrimmo,offriste,offrirono; offersero","ho offerto,hai offerto,ha offerto,abbiamo offerto,avete offerto,hanno offerto","avevo offerto,avevi offerto,aveva offerto,avevamo offerto,avevate offerto,avevano offerto","avrò offerto,avrai offerto,avrà offerto,avremo offerto,avrete offerto,avranno offerto","ebbi offerto,avesti offerto,ebbe offerto,avemmo offerto,aveste offerto,ebbero offerto","offra,offra,offra,offriamo,offriate,offrano","abbia offerto,abbia offerto,abbia offerto,abbiamo offerto,abbiate offerto,abbiano offerto","offrissi,offrissi,offrisse,offrissimo,offriste,offrissero","avessi offerto,avessi offerto,avesse offerto,avessimo offerto,aveste offerto,avessero offerto","offrirei,offriresti,offrirebbe,offriremmo,offrireste,offrirebbero","avrei offerto,avresti offerto,avrebbe offerto,avremmo offerto,avreste offerto,avrebbero offerto","offri,offra,offriamo,offrite,offrano",
parere,"parere,parvente,parendo,parso,essere parso,essendo parso,essente parso","paio; pajo,pari,pare,paiamo; pajamo,parete,paiono; pajono","parevo,parevi,pareva,parevamo,parevate,parevano","parrò,parrai,parrà,parremo,parrete,parranno","parvi; parsi,paresti,parve; parse,paremmo,pareste,parvero; parsero","sono parso,sei parso,è parso,siamo parsi,siete parsi,sono parsi","ero parso,eri parso,era parso,eravamo parsi,eravate parsi,erano parsi","sarò parso,sarai parso,sarà parso,saremo parsi,sarete parsi,saranno parsi","fui parso,fosti parso,fu parso,fummo parsi,foste parsi,furono parsi","paia; paja,paia; paja,paia; paja,paiamo; pariamo,paiate; pariate,paiano; pajano","sia parso,sia parso,sia parso,siamo parsi,siate parsi,siano parsi","paressi,paressi,paresse,paressimo,pareste,paressero","fossi parso,fossi parso,fosse parso,fossimo parsi,foste parsi,fossero parsi","parrei,parresti,parrebbe,parremmo,parreste,parrebbero","sarei parso,saresti parso,sarebbe parso,saremmo parsi,sareste parsi,sarebbero parsi","pari,paia; paja,paiamo; pajamo,parete,paiano; pajano",
parlare,"parlare,parlante,parlando,parlato,avere parlato,avendo parlato,avente parlato","parlo,parli,parla,parliamo,parlate,parlano","parlavo,parlavi,parlava,parlavamo,parlavate,parlavano","parlerò,parlerai,parlerà,parleremo,parlerete,parleranno","parlai,parlasti,parlò,parlammo,parlaste,parlarono","ho parlato,hai parlato,ha parlato,abbiamo parlato,avete parlato,hanno parlato","avevo parlato,avevi parlato,aveva parlato,avevamo parlato,avevate parlato,avevano parlato","avrò parlato,avrai parlato,avrà parlato,avremo parlato,avrete parlato,avranno parlato","ebbi parlato,avesti parlato,ebbe parlato,avemmo parlato,aveste parlato,ebbero parlato","parli,parli,parli,parliamo,parliate,parlino","abbia parlato,abbia parlato,abbia parlato,abbiamo parlato,abbiate parlato,abbiano parlato","parlassi,parlassi,parlasse,parlassimo,parlaste,parlassero","avessi parlato,avessi parlato,avesse parlato,avessimo parlato,aveste parlato,avessero parlato","parlerei,parleresti,parlerebbe,parleremmo,parlereste,parlerebbero","avrei parlato,avresti parlato,avrebbe parlato,avremmo parlato,avreste parlato,avrebbero parlato","parla,parli,parliamo,parlate,parlino",
partire,"partire,partente,partendo,partito,essere partito,essendo partito,essente partito","parto,parti,parte,partiamo,partite,partono","partivo,partivi,partiva,partivamo,partivate,partivano","partirò,partirai,partirà,partiremo,partirete,partiranno","partii,partisti,partì,partimmo,partiste,partirono","sono partito,sei partito,è partito,siamo partiti,siete partiti,sono partiti","ero partito,eri partito,era partito,eravamo partiti,eravate partiti,erano partiti","sarò partito,sarai partito,sarà partito,saremo partiti,sarete partiti,saranno partiti","fui partito,fosti partito,fu partito,fummo partiti,foste partiti,furono partiti","parta,parta,parta,partiamo,partiate,partano","sia partito,sia partito,sia partito,siamo partiti,siate partiti,siano partiti","partissi,partissi,partisse,partissimo,partiste,partissero","fossi partito,fossi partito,fosse partito,fossimo partiti,foste partiti,fossero partiti","partirei,partiresti,partirebbe,partiremmo,partireste,partirebbero","sarei partito,saresti partito,sarebbe partito,saremmo partiti,sareste partiti,sarebbero partiti","parti,parta,partiamo,partite,partano",
pensare,"pensare,pensante,pensando,pensato,avere pensato,avendo pensato,avente pensato","penso,pensi,pensa,pensiamo,pensate,pensano","pensavo,pensavi,pensava,pensavamo,pensavate,pensavano","penserò,penserai,penserà,penseremo,penserete,penseranno","pensai,pensasti,pensò,pensammo,pensaste,pensarono","ho pensato,hai pensato,ha pensato,abbiamo pensato,avete pensato,hanno pensato","avevo pensato,avevi pensato,aveva pensato,avevamo pensato,avevate pensato,avevano pensato","avrò pensato,avrai pensato,avrà pensato,avremo pensato,avrete pensato,avranno pensato","ebbi pensato,avesti pensato,ebbe pensato,avemmo pensato,aveste pensato,ebbero pensato","pensi,pensi,pensi,pensiamo,pensiate,pensino","abbia pensato,abbia pensato,abbia pensato,abbiamo pensato,abbiate pensato,abbiano pensato","pensassi,pensassi,pensasse,pensassimo,pensaste,pensassero","avessi pensato,avessi pensato,avesse pensato,avessimo pensato,aveste pensato,avessero pensato","penserei,penseresti,penserebbe,penseremmo,pensereste,penserebbero","avrei pensato,avresti pensato,avrebbe pensato,avremmo pensato,avreste pensato,avrebbero pensato","pensa,pensi,pensiamo,pensate,pensino",
perdere,"perdere,perdente,perdendo,perduto; perso,avere perduto; perso,avendo perduto; perso,avente perduto; perso","perdo,perdi,perde,perdiamo,perdete,perdono","perdevo,perdevi,perdeva,perdevamo,perdevate,perdevano","perderò,perderai,perderà,perderemo,perderete,perderanno","persi; perdei; perdetti,perdesti,perse; perdé; perdette,perdemmo,perdeste,persero; perderono; perdettero","ho perduto; perso,hai perduto; perso,ha perduto; perso,abbiamo perduto; perso,avete perduto; perso,hanno perduto; perso","avevo perduto; perso,avevi perduto; perso,aveva perduto; perso,avevamo perduto; perso,avevate perduto; perso,avevano perduto; perso","avrò perduto; perso,avrai perduto; perso,avrà perduto; perso,avremo perduto; perso,avrete perduto; perso,avranno perduto; perso","ebbi perduto; perso,avesti perduto; perso,ebbe perduto; perso,avemmo perduto; perso,aveste perduto; perso,ebbero perduto; perso","perda,perda,perda,perdiamo,perdiate,perdano","abbia perduto; perso,abbia perduto; perso,abbia perduto; perso,abbiamo perduto; perso,abbiate perduto; perso,abbiano perduto; perso","perdessi,perdessi,perdesse,perdessimo,perdeste,perdessero","avessi perduto; perso,avessi perduto; perso,avesse perduto; perso,avessimo perduto; perso,aveste perduto; perso,avessero perduto; perso","perderei,perderesti,perderebbe,perderemmo,perdereste,perderebbero","avrei perduto; perso,avresti perduto; perso,avrebbe perduto; perso,avremmo perduto; perso,avreste perduto; perso,avrebbero perduto; perso","perdi,perda,perdiamo,perdete,perdano",
piacere,"piacere,piacente,piacendo,piaciuto,essere piaciuto,essendo piaciuto,essente piaciuto","piaccio,piaci,piace,piacciamo,piacete,piacciono","piacevo,piacevi,piaceva,piacevamo,piacevate,piacevano","piacerò,piacerai,piacerà,piaceremo,piacerete,piaceranno","piacqui,piacesti,piacque,piacemmo,piaceste,piacquero","sono piaciuto,sei piaciuto,è piaciuto,siamo piaciuti,siete piaciuti,sono piaciuti","ero piaciuto,eri piaciuto,era piaciuto,eravamo piaciuti,eravate piaciuti,erano piaciuti","sarò piaciuto,sarai piaciuto,sarà piaciuto,saremo piaciuti,sarete piaciuti,saranno piaciuti","fui piaciuto,fosti piaciuto,fu piaciuto,fummo piaciuti,foste piaciuti,furono piaciuti","piaccia,piaccia,piaccia,piacciamo,piacciate,piacciano","sia piaciuto,sia piaciuto,sia piaciuto,siamo piaciuti,siate piaciuti,siano piaciuti","piacessi,piacessi,piacesse,piacessimo,piaceste,piacessero","fossi piaciuto,fossi piaciuto,fosse piaciuto,fossimo piaciuti,foste piaciuti,fossero piaciuti","piacerei,piaceresti,piacerebbe,piaceremmo,piacereste,piacerebbero","sarei piaciuto,saresti piaciuto,sarebbe piaciuto,saremmo piaciuti,sareste piaciuti,sarebbero piaciuti","piaci,piaccia,piacciamo,piacete,piacciano",
piangere,"piangere,piangente,piangendo,pianto,avere pianto,avendo pianto,avente pianto","piango,piangi,piange,piangiamo,piangete,piangono","piangevo,piangevi,piangeva,piangevamo,piangevate,piangevano","piangerò,piangerai,piangerà,piangeremo,piangerete,piangeranno","piansi,piangesti,pianse,piangemmo,piangeste,piansero","ho pianto,hai pianto,ha pianto,abbiamo pianto,avete pianto,hanno pianto","avevo pianto,avevi pianto,aveva pianto,avevamo pianto,avevate pianto,avevano pianto","avrò pianto,avrai pianto,avrà pianto,avremo pianto,avrete pianto,avranno pianto","ebbi pianto,avesti pianto,ebbe pianto,avemmo pianto,aveste pianto,ebbero pianto","pianga,pianga,pianga,piangiamo,piangiate,piangano","abbia pianto,abbia pianto,abbia pianto,abbiamo pianto,abbiate pianto,abbiano pianto","piangessi,piangessi,piangesse,piangessimo,piangeste,piangessero","avessi pianto,avessi pianto,avesse pianto,avessimo pianto,aveste pianto,avessero pianto","piangerei,piangeresti,piangerebbe,piangeremmo,piangereste,piangerebbero","avrei pianto,avresti pianto,avrebbe pianto,avremmo pianto,avreste pianto,avrebbero pianto","piangi,pianga,piangiamo,piangete,piangano",
porre,"porre,ponente,ponendo,posto,avere posto,avendo posto,avente posto","pongo,poni,pone,poniamo,ponete,pongono","ponevo,ponevi,poneva,ponevamo,ponevate,ponevano","porrò,porrai,porrà,porremo,porrete,porranno","posi,ponesti,pose,ponemmo,poneste,posero","ho posto,hai posto,ha posto,abbiamo posto,avete posto,hanno posto","avevo posto,avevi posto,aveva posto,avevamo posto,avevate posto,avevano posto","avrò posto,avrai posto,avrà posto,avremo posto,avrete posto,avranno posto","ebbi posto,avesti posto,ebbe posto,avemmo posto,aveste posto,ebbero posto","ponga,ponga,ponga,poniamo,poniate,pongano","abbia posto,abbia posto,abbia posto,abbiamo posto,abbiate posto,abbiano posto","ponessi,ponessi,ponesse,ponessimo,poneste,ponessero","avessi posto,avessi posto,avesse posto,avessimo posto,aveste posto,avessero posto","porrei,porresti,porrebbe,porremmo,porreste,porrebbero","avrei posto,avresti posto,avrebbe posto,avremmo posto,avreste posto,avrebbero posto","poni,ponga,poniamo,ponete,pongano",
potere,"potere,potente,potendo,potuto,avere potuto; essere potuto,avendo potuto; essendo potuto,avente potuto; essente potuto","posso,puoi,può,possiamo,potete,possono","potevo,potevi,poteva,potevamo,potevate,potevano","potrò,potrai,potrà,potremo,potrete,potranno","potei; potetti,potesti,poté; potette,potemmo,poteste,poterono; potettero","ho potuto; sono potuto,hai potuto; sei potuto,ha potuto; è potuto,abbiamo potuto; siamo potuti,avete potuto; siete potuti,hanno potuto; sono potuti","avevo potuto; ero potuto,avevi potuto; eri potuto,aveva potuto; era potuto,avevamo potuto; eravamo potuti,avevate potuto; eravate potuti,avevano potuto; erano potuti","avrò potuto; sarò potuto,avrai potuto; sarai potuto,avrà potuto; sarà potuto,avremo potuto; saremo potuti,avrete potuto; sarete potuti,avranno potuto; saranno potuti","ebbi potuto; fui potuto,avesti potuto; fosti potuto,ebbe potuto; fu potuto,avemmo potuto; fummo potuti,aveste potuto; foste potuti,ebbero potuto; furono potuti","possa,possa,possa,possiamo,possiate,possano","abbia potuto; sia potuto,abbia potuto; sia potuto,abbia potuto; sia potuto,abbiamo potuto; siamo potuti,abbiate potuto; siate potuti,abbiano potuto; siano potuti","potessi,potessi,potesse,potessimo,poteste,potessero","avessi potuto; fossi potuto,avessi potuto; fossi potuto,avesse potuto; fosse potuto,avessimo potuto; fossimo potuti,aveste potuto; foste potuti,avessero potuto; fossero potuti","potrei,potresti,potrebbe,potremmo,potreste,potrebbero","avrei potuto; sarei potuto,avresti potuto; saresti potuto,avrebbe potuto; sarebbe potuto,avremmo potuto; saremmo potuti,avreste potuto; sareste potuti,avrebbero potuto; sarebbero potuti","puoi,possa,possiamo,potete,possano",
prendere,"prendere,prendente,prendendo,preso,avere preso,avendo preso,avente preso","prendo,prendi,prende,prendiamo,prendete,prendono","prendevo,prendevi,prendeva,prendevamo,prendevate,prendevano","prenderò,prenderai,prenderà,prenderemo,prenderete,prenderanno","presi,prendesti,prese,prendemmo,prendeste,presero","ho preso,hai preso,ha preso,abbiamo preso,avete preso,hanno preso","avevo preso,avevi preso,aveva preso,avevamo preso,avevate preso,avevano preso","avrò preso,avrai preso,avrà preso,avremo preso,avrete preso,avranno preso","ebbi preso,avesti preso,ebbe preso,avemmo preso,aveste preso,ebbero preso","prenda,prenda,prenda,prendiamo,prendiate,prendano","abbia preso,abbia preso,abbia preso,abbiamo preso,abbiate preso,abbiano preso","prendessi,prendessi,prendesse,prendessimo,prendeste,prendessero","avessi preso,avessi preso,avesse preso,avessimo preso,aveste preso,avessero preso","prenderei,prenderesti,prenderebbe,prenderemmo,prendereste,prenderebbero","avrei preso,avresti preso,avrebbe preso,avremmo preso,avreste preso,avrebbero preso","prendi,prenda,prendiamo,prendete,prendano",
ridere,"ridere,ridente,ridendo,riso,avere riso,avendo riso,avente riso","rido,ridi,ride,ridiamo,ridete,ridono","ridevo,ridevi,rideva,ridevamo,ridevate,ridevano","riderò,riderai,riderà,rideremo,riderete,rideranno","risi,ridesti,rise,ridemmo,rideste,risero","ho riso,hai riso,ha riso,abbiamo riso,avete riso,hanno riso","avevo riso,avevi riso,aveva riso,avevamo riso,avevate riso,avevano riso","avrò riso,avrai riso,avrà riso,avremo riso,avrete riso,avranno riso","ebbi riso,avesti riso,ebbe riso,avemmo riso,aveste riso,ebbero riso","rida,rida,rida,ridiamo,ridiate,ridano","abbia riso,abbia riso,abbia riso,abbiamo riso,abbiate riso,abbiano riso","ridessi,ridessi,ridesse,ridessimo,rideste,ridessero","avessi riso,avessi riso,avesse riso,avessimo riso,aveste riso,avessero riso","riderei,rideresti,riderebbe,rideremmo,ridereste,riderebbero","avrei riso,avresti riso,avrebbe riso,avremmo riso,avreste riso,avrebbero riso","ridi,rida,ridiamo,ridete,ridano",
rimanere,"rimanere,rimanente,rimanendo,rimasto; rimaso,essere rimasto; rimaso,essendo rimasto; rimaso,essente rimasto; rimaso","rimango,rimani,rimane,rimaniamo,rimanete,rimangono","rimanevo,rimanevi,rimaneva,rimanevamo,rimanevate,rimanevano","rimarrò,rimarrai,rimarrà,rimarremo,rimarrete,rimarranno","rimasi,rimanesti,rimase,rimanemmo,rimaneste,rimasero","sono rimasto; rimaso,sei rimasto; rimaso,è rimasto; rimaso,siamo rimasto; rimasi,siete rimasto; rimasi,sono rimasto; rimasi","ero rimasto; rimaso,eri rimasto; rimaso,era rimasto; rimaso,eravamo rimasto; rimasi,eravate rimasto; rimasi,erano rimasto; rimasi","sarò rimasto; rimaso,sarai rimasto; rimaso,sarà rimasto; rimaso,saremo rimasto; rimasi,sarete rimasto; rimasi,saranno rimasto; rimasi","fui rimasto; rimaso,fosti rimasto; rimaso,fu rimasto; rimaso,fummo rimasto; rimasi,foste rimasto; rimasi,furono rimasto; rimasi","rimanga,rimanga,rimanga,rimaniamo,rimaniate,rimangano","sia rimasto; rimaso,sia rimasto; rimaso,sia rimasto; rimaso,siamo rimasto; rimasi,siate rimasto; rimasi,siano rimasto; rimasi","rimanessi,rimanessi,rimanesse,rimanessimo,rimaneste,rimanessero","fossi rimasto; rimaso,fossi rimasto; rimaso,fosse rimasto; rimaso,fossimo rimasto; rimasi,foste rimasto; rimasi,fossero rimasto; rimasi","rimarrei,rimarresti,rimarrebbe,rimarremmo,rimarreste,rimarrebbero","sarei rimasto; rimaso,saresti rimasto; rimaso,sarebbe rimasto; rimaso,saremmo rimasto; rimasi,sareste rimasto; rimasi,sarebbero rimasto; rimasi","rimani,rimanga,rimaniamo,rimanete,rimangano",
rispondere,"rispondere,rispondente,rispondendo,risposto,avere risposto,avendo risposto,avente risposto","rispondo,rispondi,risponde,rispondiamo,rispondete,rispondono","rispondevo,rispondevi,rispondeva,rispondevamo,rispondevate,rispondevano","risponderò,risponderai,risponderà,risponderemo,risponderete,risponderanno","risposi,rispondesti,rispose,rispondemmo,rispondeste,risposero","ho risposto,hai risposto,ha risposto,abbiamo risposto,avete risposto,hanno risposto","avevo risposto,avevi risposto,aveva risposto,avevamo risposto,avevate risposto,avevano risposto","avrò risposto,avrai risposto,avrà risposto,avremo risposto,avrete risposto,avranno risposto","ebbi risposto,avesti risposto,ebbe risposto,avemmo risposto,aveste risposto,ebbero risposto","risponda,risponda,risponda,rispondiamo,rispondiate,rispondano","abbia risposto,abbia risposto,abbia risposto,abbiamo risposto,abbiate risposto,abbiano risposto","rispondessi,rispondessi,rispondesse,rispondessimo,rispondeste,rispondessero","avessi risposto,avessi risposto,avesse risposto,avessimo risposto,aveste risposto,avessero risposto","risponderei,risponderesti,risponderebbe,risponderemmo,rispondereste,risponderebbero","avrei risposto,avresti risposto,avrebbe risposto,avremmo risposto,avreste risposto,avrebbero risposto","rispondi,risponda,rispondiamo,rispondete,rispondano",
riuscire,"riuscire,riuscente,riuscendo,riuscito,essere riuscito,essendo riuscito,essente riuscito","riesco,riesci,riesce,riusciamo,riuscite,riescono","riuscivo,riuscivi,riusciva,riuscivamo,riuscivate,riuscivano","riuscirò,riuscirai,riuscirà,riusciremo,riuscirete,riusciranno","riuscii,riuscisti,riuscì,riuscimmo,riusciste,riuscirono","sono riuscito,sei riuscito,è riuscito,siamo riusciti,siete riusciti,sono riusciti","ero riuscito,eri riuscito,era riuscito,eravamo riusciti,eravate riusciti,erano riusciti","sarò riuscito,sarai riuscito,sarà riuscito,saremo riusciti,sarete riusciti,saranno riusciti","fui riuscito,fosti riuscito,fu riuscito,fummo riusciti,foste riusciti,furono riusciti","riesca,riesca,riesca,riusciamo,riusciate,riescano","sia riuscito,sia riuscito,sia riuscito,siamo riusciti,siate riusciti,siano riusciti","riuscissi,riuscissi,riuscisse,riuscissimo,riusciste,riuscissero","fossi riuscito,fossi riuscito,fosse riuscito,fossimo riusciti,foste riusciti,fossero riusciti","riuscirei,riusciresti,riuscirebbe,riusciremmo,riuscireste,riuscirebbero","sarei riuscito,saresti riuscito,sarebbe riuscito,saremmo riusciti,sareste riusciti,sarebbero riusciti","riesci,riesca,riusciamo,riuscite,riescano",
rompere,"rompere,rompente,rompendo,rotto,avere rotto,avendo rotto,avente rotto","rompo,rompi,rompe,rompiamo,rompete,rompono","rompevo,rompevi,rompeva,rompevamo,rompevate,rompevano","romperò,romperai,romperà,romperemo,romperete,romperanno","ruppi,rompesti,ruppe,rompemmo,rompeste,ruppero","ho rotto,hai rotto,ha rotto,abbiamo rotto,avete rotto,hanno rotto","avevo rotto,avevi rotto,aveva rotto,avevamo rotto,avevate rotto,avevano rotto","avrò rotto,avrai rotto,avrà rotto,avremo rotto,avrete rotto,avranno rotto","ebbi rotto,avesti rotto,ebbe rotto,avemmo rotto,aveste rotto,ebbero rotto","rompa,rompa,rompa,rompiamo,rompiate,rompano","abbia rotto,abbia rotto,abbia rotto,abbiamo rotto,abbiate rotto,abbiano rotto","rompessi,rompessi,rompesse,rompessimo,rompeste,rompessero","avessi rotto,avessi rotto,avesse rotto,avessimo rotto,aveste rotto,avessero rotto","romperei,romperesti,romperebbe,romperemmo,rompereste,romperebbero","avrei rotto,avresti rotto,avrebbe rotto,avremmo rotto,avreste rotto,avrebbero rotto","rompi,rompa,rompiamo,rompete,rompano",
salire,"salire,salente; saliente,salendo,salito,essere salito,essendo salito,essente salito","salgo,sali,sale,saliamo,salite,salgono","salivo,salivi,saliva,salivamo,salivate,salivano","salirò,salirai,salirà,saliremo,salirete,saliranno","salii,salisti,salì,salimmo,saliste,salirono","sono salito,sei salito,è salito,siamo saliti,siete saliti,sono saliti","ero salito,eri salito,era salito,eravamo saliti,eravate saliti,erano saliti","sarò salito,sarai salito,sarà salito,saremo saliti,sarete saliti,saranno saliti","fui salito,fosti salito,fu salito,fummo saliti,foste saliti,furono saliti","salga,salga,salga,saliamo,saliate,salgano","sia salito,sia salito,sia salito,siamo saliti,siate saliti,siano saliti","salissi,salissi,salisse,salissimo,saliste,salissero","fossi salito,fossi salito,fosse salito,fossimo saliti,foste saliti,fossero saliti","salirei,saliresti,salirebbe,saliremmo,salireste,salirebbero","sarei salito,saresti salito,sarebbe salito,saremmo saliti,sareste saliti,sarebbero saliti","sali,salga,saliamo,salite,salgano",
salutare,"salutare,salutante,salutando,salutato,avere salutato,avendo salutato,avente salutato","saluto,saluti,saluta,salutiamo,salutate,salutano","salutavo,salutavi,salutava,salutavamo,salutavate,salutavano","saluterò,saluterai,saluterà,saluteremo,saluterete,saluteranno","salutai,salutasti,salutò,salutammo,salutaste,salutarono","ho salutato,hai salutato,ha salutato,abbiamo salutato,avete salutato,hanno salutato","avevo salutato,avevi salutato,aveva salutato,avevamo salutato,avevate salutato,avevano salutato","avrò salutato,avrai salutato,avrà salutato,avremo salutato,avrete salutato,avranno salutato","ebbi salutato,avesti salutato,ebbe salutato,avemmo salutato,aveste salutato,ebbero salutato","saluti,saluti,saluti,salutiamo,salutiate,salutino","abbia salutato,abbia salutato,abbia salutato,abbiamo salutato,abbiate salutato,abbiano salutato","salutassi,salutassi,salutasse,salutassimo,salutaste,salutassero","avessi salutato,avessi salutato,avesse salutato,avessimo salutato,aveste salutato,avessero salutato","saluterei,saluteresti,saluterebbe,saluteremmo,salutereste,saluterebbero","avrei salutato,avresti salutato,avrebbe salutato,avremmo salutato,avreste salutato,avrebbero salutato","saluta,saluti,salutiamo,salutate,salutino",
sapere,"sapere,sapiente,sapendo,saputo,avere saputo,avendo saputo,avente saputo","so,sai,sa,sappiamo,sapete,sanno","sapevo,sapevi,sapeva,sapevamo,sapevate,sapevano","saprò,saprai,saprà,sapremo,saprete,sapranno","seppi,sapesti,seppe,sapemmo,sapeste,seppero","ho saputo,hai saputo,ha saputo,abbiamo saputo,avete saputo,hanno saputo","avevo saputo,avevi saputo,aveva saputo,avevamo saputo,avevate saputo,avevano saputo","avrò saputo,avrai saputo,avrà saputo,avremo saputo,avrete saputo,avranno saputo","ebbi saputo,avesti saputo,ebbe saputo,avemmo saputo,aveste saputo,ebbero saputo","sappia,sappia,sappia,sappiamo,sappiate,sappiano","abbia saputo,abbia saputo,abbia saputo,abbiamo saputo,abbiate saputo,abbiano saputo","sapessi,sapessi,sapesse,sapessimo,sapeste,sapessero","avessi saputo,avessi saputo,avesse saputo,avessimo saputo,aveste saputo,avessero saputo","saprei,sapresti,saprebbe,sapremmo,sapreste,saprebbero","avrei saputo,avresti saputo,avrebbe saputo,avremmo saputo,avreste saputo,avrebbero saputo","sappi,sappia,sappiamo,sapete,sappiano",
scegliere,"scegliere,scegliente,scegliendo,scelto,avere scelto,avendo scelto,avente scelto","scelgo,scegli,sceglie,scegliamo,scegliete,scelgono","sceglievo,sceglievi,sceglieva,sceglievamo,sceglievate,sceglievano","sceglierò; scerrò,sceglierai; scerrai,sceglierà; scerrà,sceglieremo; scerremo,sceglierete; scerrete,sceglieranno; scerranno","scelsi,scegliesti,scelse,scegliemmo,sceglieste,scelsero","ho scelto,hai scelto,ha scelto,abbiamo scelto,avete scelto,hanno scelto","avevo scelto,avevi scelto,aveva scelto,avevamo scelto,avevate scelto,avevano scelto","avrò scelto,avrai scelto,avrà scelto,avremo scelto,avrete scelto,avranno scelto","ebbi scelto,avesti scelto,ebbe scelto,avemmo scelto,aveste scelto,ebbero scelto","scelga,scelga,scelga,scegliamo,scegliate,scelgano","abbia scelto,abbia scelto,abbia scelto,abbiamo scelto,abbiate scelto,abbiano scelto","scegliessi,scegliessi,scegliesse,scegliessimo,sceglieste,scegliessero","avessi scelto,avessi scelto,avesse scelto,avessimo scelto,aveste scelto,avessero scelto","sceglierei; scerrei,sceglieresti; scerresti,sceglierebbe; scerrebbe,sceglieremmo; scerremmo,scegliereste; scerreste,sceglierebbero; scerrebbero","avrei scelto,avresti scelto,avrebbe scelto,avremmo scelto,avreste scelto,avrebbero scelto","scegli,scelga,scegliamo,scegliete,scelgano",
scrivere,"scrivere,scrivente,scrivendo,scritto,avere scritto,avendo scritto,avente scritto","scrivo,scrivi,scrive,scriviamo,scrivete,scrivono","scrivevo,scrivevi,scriveva,scrivevamo,scrivevate,scrivevano","scriverò,scriverai,scriverà,scriveremo,scriverete,scriveranno","scrissi,scrivesti,scrisse,scrivemmo,scriveste,scrissero","ho scritto,hai scritto,ha scritto,abbiamo scritto,avete scritto,hanno scritto","avevo scritto,avevi scritto,aveva scritto,avevamo scritto,avevate scritto,avevano scritto","avrò scritto,avrai scritto,avrà scritto,avremo scritto,avrete scritto,avranno scritto","ebbi scritto,avesti scritto,ebbe scritto,avemmo scritto,aveste scritto,ebbero scritto","scriva,scriva,scriva,scriviamo,scriviate,scrivano","abbia scritto,abbia scritto,abbia scritto,abbiamo scritto,abbiate scritto,abbiano scritto","scrivessi,scrivessi,scrivesse,scrivessimo,scriveste,scrivessero","avessi scritto,avessi scritto,avesse scritto,avessimo scritto,aveste scritto,avessero scritto","scriverei,scriveresti,scriverebbe,scriveremmo,scrivereste,scriverebbero","avrei scritto,avresti scritto,avrebbe scritto,avremmo scritto,avreste scritto,avrebbero scritto","scrivi,scriva,scriviamo,scrivete,scrivano",
sedere,"sedere,sedente,sedendo; seggendo,seduto,avere seduto; essere seduto,avendo seduto; essendo seduto,avente seduto; essente seduto","siedo; seggo,siedi,siede,sediamo,sedete,siedono; seggono","sedevo,sedevi,sedeva,sedevamo,sedevate,sedevano","sederò; siederò,sederai; siederai,sederà; siederà,sederemo; siederemo,sederete; siederete,sederanno; siederanno","sedei; sedetti,sedesti,sedé; sedette,sedemmo,sedeste,sederono; sedettero","ho seduto; sono seduto,hai seduto; sei seduto,ha seduto; è seduto,abbiamo seduto; siamo seduti,avete seduto; siete seduti,hanno seduto; sono seduti","avevo seduto; ero seduto,avevi seduto; eri seduto,aveva seduto; era seduto,avevamo seduto; eravamo seduti,avevate seduto; eravate seduti,avevano seduto; erano seduti","avrò seduto; sarò seduto,avrai seduto; sarai seduto,avrà seduto; sarà seduto,avremo seduto; saremo seduti,avrete seduto; sarete seduti,avranno seduto; saranno seduti","ebbi seduto; fui seduto,avesti seduto; fosti seduto,ebbe seduto; fu seduto,avemmo seduto; fummo seduti,aveste seduto; foste seduti,ebbero seduto; furono seduti","sieda; segga,sieda; segga,sieda; segga,sediamo,sediate,siedano; seggano","abbia seduto; sia seduto,abbia seduto; sia seduto,abbia seduto; sia seduto,abbiamo seduto; siamo seduti,abbiate seduto; siate seduti,abbiano seduto; siano seduti","sedessi,sedessi,sedesse,sedessimo,sedeste,sedessero","avessi seduto; fossi seduto,avessi seduto; fossi seduto,avesse seduto; fosse seduto,avessimo seduto; fossimo seduti,aveste seduto; foste seduti,avessero seduto; fossero seduti","sederei; siederei,sederesti; siederesti,sederebbe; siederebbe,sederemmo; siederemmo,sedereste; siedereste,sederebbero; siederebbero","avrei seduto; sarei seduto,avresti seduto; saresti seduto,avrebbe seduto; sarebbe seduto,avremmo seduto; saremmo seduti,avreste seduto; sareste seduti,avrebbero seduto; sarebbero seduti","siedi,sieda; segga,sediamo,sedete,siedano; seggano",
seguire,"seguire,seguente,seguendo,seguito,avere seguito; essere seguito,avendo seguito; essendo seguito,avente seguito; essente seguito","seguo,segui,segue,seguiamo,seguite,seguono","seguivo,seguivi,seguiva,seguivamo,seguivate,seguivano","seguirò,seguirai,seguirà,seguiremo,seguirete,seguiranno","seguii,seguisti,seguì,seguimmo,seguiste,seguirono","ho seguito; sono seguito,hai seguito; sei seguito,ha seguito; è seguito,abbiamo seguito; siamo seguiti,avete seguito; siete seguiti,hanno seguito; sono seguiti","avevo seguito; ero seguito,avevi seguito; eri seguito,aveva seguito; era seguito,avevamo seguito; eravamo seguiti,avevate seguito; eravate seguiti,avevano seguito; erano seguiti","avrò seguito; sarò seguito,avrai seguito; sarai seguito,avrà seguito; sarà seguito,avremo seguito; saremo seguiti,avrete seguito; sarete seguiti,avranno seguito; saranno seguiti","ebbi seguito; fui seguito,avesti seguito; fosti seguito,ebbe seguito; fu seguito,avemmo seguito; fummo seguiti,aveste seguito; foste seguiti,ebbero seguito; furono seguiti","segua,segua,segua,seguiamo,seguiate,seguano","abbia seguito; sia seguito,abbia seguito; sia seguito,abbia seguito; sia seguito,abbiamo seguito; siamo seguiti,abbiate seguito; siate seguiti,abbiano seguito; siano seguiti","seguissi,seguissi,seguisse,seguissimo,seguiste,seguissero","avessi seguito; fossi seguito,avessi seguito; fossi seguito,avesse seguito; fosse seguito,avessimo seguito; fossimo seguiti,aveste seguito; foste seguiti,avessero seguito; fossero seguiti","seguirei,seguiresti,seguirebbe,seguiremmo,seguireste,seguirebbero","avrei seguito; sarei seguito,avresti seguito; saresti seguito,avrebbe seguito; sarebbe seguito,avremmo seguito; saremmo seguiti,avreste seguito; sareste seguiti,avrebbero seguito; sarebbero seguiti","segui,segua,seguiamo,seguite,seguano",
sentire,"sentire,sentente,sentendo,sentito,avere sentito; essere sentito,avendo sentito; essendo sentito,avente sentito; essente sentito","sento,senti,sente,sentiamo,sentite,sentono","sentivo,sentivi,sentiva,sentivamo,sentivate,sentivano","sentirò,sentirai,sentirà,sentiremo,sentirete,sentiranno","sentii,sentisti,sentì,sentimmo,sentiste,sentirono","ho sentito; sono sentito,hai sentito; sei sentito,ha sentito; è sentito,abbiamo sentito; siamo sentiti,avete sentito; siete sentiti,hanno sentito; sono sentiti","avevo sentito; ero sentito,avevi sentito; eri sentito,aveva sentito; era sentito,avevamo sentito; eravamo sentiti,avevate sentito; eravate sentiti,avevano sentito; erano sentiti","avrò sentito; sarò sentito,avrai sentito; sarai sentito,avrà sentito; sarà sentito,avremo sentito; saremo sentiti,avrete sentito; sarete sentiti,avranno sentito; saranno sentiti","ebbi sentito; fui sentito,avesti sentito; fosti sentito,ebbe sentito; fu sentito,avemmo sentito; fummo sentiti,aveste sentito; foste sentiti,ebbero sentito; furono sentiti","senta,senta,senta,sentiamo,sentiate,sentano","abbia sentito; sia sentito,abbia sentito; sia sentito,abbia sentito; sia sentito,abbiamo sentito; siamo sentiti,abbiate sentito; siate sentiti,abbiano sentito; siano sentiti","sentissi,sentissi,sentisse,sentissimo,sentiste,sentissero","avessi sentito; fossi sentito,avessi sentito; fossi sentito,avesse sentito; fosse sentito,avessimo sentito; fossimo sentiti,aveste sentito; foste sentiti,avessero sentito; fossero sentiti","sentirei,sentiresti,sentirebbe,sentiremmo,sentireste,sentirebbero","avrei sentito; sarei sentito,avresti sentito; saresti sentito,avrebbe sentito; sarebbe sentito,avremmo sentito; saremmo sentiti,avreste sentito; sareste sentiti,avrebbero sentito; sarebbero sentiti","senti,senta,sentiamo,sentite,sentano",
servire,"servire,servente,servendo,servito,avere servito; essere servito,avendo servito; essendo servito,avente servito; essente servito","servo,servi,serve,serviamo,servite,servono","servivo,servivi,serviva,servivamo,servivate,servivano","servirò,servirai,servirà,serviremo,servirete,serviranno","servii,servisti,servì,servimmo,serviste,servirono","ho servito; sono servito,hai servito; sei servito,ha servito; è servito,abbiamo servito; siamo serviti,avete servito; siete serviti,hanno servito; sono serviti","avevo servito; ero servito,avevi servito; eri servito,aveva servito; era servito,avevamo servito; eravamo serviti,avevate servito; eravate serviti,avevano servito; erano serviti","avrò servito; sarò servito,avrai servito; sarai servito,avrà servito; sarà servito,avremo servito; saremo serviti,avrete servito; sarete serviti,avranno servito; saranno serviti","ebbi servito; fui servito,avesti servito; fosti servito,ebbe servito; fu servito,avemmo servito; fummo serviti,aveste servito; foste serviti,ebbero servito; furono serviti","serva,serva,serva,serviamo,serviate,servano","abbia servito; sia servito,abbia servito; sia servito,abbia servito; sia servito,abbiamo servito; siamo serviti,abbiate servito; siate serviti,abbiano servito; siano serviti","servissi,servissi,servisse,servissimo,serviste,servissero","avessi servito; fossi servito,avessi servito; fossi servito,avesse servito; fosse servito,avessimo servito; fossimo serviti,aveste servito; foste serviti,avessero servito; fossero serviti","servirei,serviresti,servirebbe,serviremmo,servireste,servirebbero","avrei servito; sarei servito,avresti servito; saresti servito,avrebbe servito; sarebbe servito,avremmo servito; saremmo serviti,avreste servito; sareste serviti,avrebbero servito; sarebbero serviti","servi,serva,serviamo,servite,servano",
spiegare,"spiegare,spiegante,spiegando,spiegato,avere spiegato,avendo spiegato,avente spiegato","spiego,spieghi,spiega,spieghiamo,spiegate,spiegano","spiegavo,spiegavi,spiegava,spiegavamo,spiegavate,spiegavano","spiegherò,spiegherai,spiegherà,spiegheremo,spiegherete,spiegheranno","spiegai,spiegasti,spiegò,spiegammo,spiegaste,spiegarono","ho spiegato,hai spiegato,ha spiegato,abbiamo spiegato,avete spiegato,hanno spiegato","avevo spiegato,avevi spiegato,aveva spiegato,avevamo spiegato,avevate spiegato,avevano spiegato","avrò spiegato,avrai spiegato,avrà spiegato,avremo spiegato,avrete spiegato,avranno spiegato","ebbi spiegato,avesti spiegato,ebbe spiegato,avemmo spiegato,aveste spiegato,ebbero spiegato","spieghi,spieghi,spieghi,spieghiamo,spieghiate,spieghino","abbia spiegato,abbia spiegato,abbia spiegato,abbiamo spiegato,abbiate spiegato,abbiano spiegato","spiegassi,spiegassi,spiegasse,spiegassimo,spiegaste,spiegassero","avessi spiegato,avessi spiegato,avesse spiegato,avessimo spiegato,aveste spiegato,avessero spiegato","spiegherei,spiegheresti,spiegherebbe,spiegheremmo,spieghereste,spiegherebbero","avrei spiegato,avresti spiegato,avrebbe spiegato,avremmo spiegato,avreste spiegato,avrebbero spiegato","spiega,spieghi,spieghiamo,spiegate,spieghino",
stare,"stare,stante,stando,stato,essere stato,essendo stato,essente stato","sto,stai,sta,stiamo,state,stanno","stavo,stavi,stava,stavamo,stavate,stavano","starò,starai,starà,staremo,starete,staranno","stetti,stesti,stette,stemmo,steste,stettero","sono stato,sei stato,è stato,siamo stati,siete stati,sono stati","ero stato,eri stato,era stato,eravamo stati,eravate stati,erano stati","sarò stato,sarai stato,sarà stato,saremo stati,sarete stati,saranno stati","fui stato,fosti stato,fu stato,fummo stati,foste stati,furono stati","stia,stia,stia,stiamo,stiate,stiano","sia stato,sia stato,sia stato,siamo stati,siate stati,siano stati","stessi,stessi,stesse,stessimo,steste,stessero","fossi stato,fossi stato,fosse stato,fossimo stati,foste stati,fossero stati","starei,staresti,starebbe,staremmo,stareste,starebbero","sarei stato,saresti stato,sarebbe stato,saremmo stati,sareste stati,sarebbero stati","sta'; stai,stia,stiamo,state,stiano",
tacere,"tacere,tacente,tacendo,taciuto,avere taciuto,avendo taciuto,avente taciuto","taccio; tacio,taci,tace,tacciamo; taciamo,tacete,tacciono; taciono","tacevo,tacevi,taceva,tacevamo,tacevate,tacevano","tacerò,tacerai,tacerà,taceremo,tacerete,taceranno","tacqui,tacesti,tacque,tacemmo,taceste,tacquero","ho taciuto,hai taciuto,ha taciuto,abbiamo taciuto,avete taciuto,hanno taciuto","avevo taciuto,avevi taciuto,aveva taciuto,avevamo taciuto,avevate taciuto,avevano taciuto","avrò taciuto,avrai taciuto,avrà taciuto,avremo taciuto,avrete taciuto,avranno taciuto","ebbi taciuto,avesti taciuto,ebbe taciuto,avemmo taciuto,aveste taciuto,ebbero taciuto","taccia; tacia,taccia; tacia,taccia; tacia,tacciamo; taciamo,tacciate; taciate,tacciano; taciano","abbia taciuto,abbia taciuto,abbia taciuto,abbiamo taciuto,abbiate taciuto,abbiano taciuto","tacessi,tacessi,tacesse,tacessimo,taceste,tacessero","avessi taciuto,avessi taciuto,avesse taciuto,avessimo taciuto,aveste taciuto,avessero taciuto","tacerei,taceresti,tacerebbe,taceremmo,tacereste,tacerebbero","avrei taciuto,avresti taciuto,avrebbe taciuto,avremmo taciuto,avreste taciuto,avrebbero taciuto","taci,taccia; tacia,tacciamo; taciamo,tacete,tacciano; taciano",
uscire,"uscire; escire,uscente,uscendo,uscito,essere uscito,essendo uscito,essente uscito","esco,esci,esce,usciamo,uscite,escono","uscivo,uscivi,usciva,uscivamo,uscivate,uscivano","uscirò,uscirai,uscirà,usciremo,uscirete,usciranno","uscii,uscisti,uscì,uscimmo,usciste,uscirono","sono uscito,sei uscito,è uscito,siamo usciti,siete usciti,sono usciti","ero uscito,eri uscito,era uscito,eravamo usciti,eravate usciti,erano usciti","sarò uscito,sarai uscito,sarà uscito,saremo usciti,sarete usciti,saranno usciti","fui uscito,fosti uscito,fu uscito,fummo usciti,foste usciti,furono usciti","esca,esca,esca,usciamo,usciate,escano","sia uscito,sia uscito,sia uscito,siamo usciti,siate usciti,siano usciti","uscissi,uscissi,uscisse,uscissimo,usciste,uscissero","fossi uscito,fossi uscito,fosse uscito,fossimo usciti,foste usciti,fossero usciti","uscirei,usciresti,uscirebbe,usciremmo,uscireste,uscirebbero","sarei uscito,saresti uscito,sarebbe uscito,saremmo usciti,sareste usciti,sarebbero usciti","esci,esca,usciamo,uscite,escano",
valere,"valere,valente,valendo,valso; valuto; valsuto,essere valso; valuto,essendo valso; valuto,essente valso; valuto","valgo,vali,vale,valiamo; valghiamo; vagliamo,valete,valgono; vagliono","valevo,valevi,valeva,valevamo,valevate,valevano","varrò,varrai,varrà,varremo,varrete,varranno","valsi,valesti,valse,valemmo,valeste,valsero","sono valso; valuto,sei valso; valuto,è valso; valuto,siamo valso; valuti,siete valso; valuti,sono valso; valuti","ero valso; valuto,eri valso; valuto,era valso; valuto,eravamo valso; valuti,eravate valso; valuti,erano valso; valuti","sarò valso; valuto,sarai valso; valuto,sarà valso; valuto,saremo valso; valuti,sarete valso; valuti,saranno valso; valuti","fui valso; valuto,fosti valso; valuto,fu valso; valuto,fummo valso; valuti,foste valso; valuti,furono valso; valuti","valga; vaglia,valga; vaglia,valga; vaglia,valiamo; valghiamo; vagliamo,valiate; valghiate; vagliate,valgano; vagliano","sia valso; valuto,sia valso; valuto,sia valso; valuto,siamo valso; valuti,siate valso; valuti,siano valso; valuti","valessi,valessi,valesse,valessimo,valeste,valessero","fossi valso; valuto,fossi valso; valuto,fosse valso; valuto,fossimo valso; valuti,foste valso; valuti,fossero valso; valuti","varrei,varresti,varrebbe,varremmo,varreste,varrebbero","sarei valso; valuto,saresti valso; valuto,sarebbe valso; valuto,saremmo valso; valuti,sareste valso; valuti,sarebbero valso; valuti","vali,valga; vaglia,valiamo; valghiamo; vagliamo,valete,valgano; vagliano",
vedere,"vedere,vedente,vedendo,veduto; visto,avere veduto; visto,avendo veduto; visto,avente veduto; visto","vedo; veggo,vedi,vede,vediamo,vedete,vedono; veggono","vedevo,vedevi,vedeva,vedevamo,vedevate,vedevano","vedrò,vedrai,vedrà,vedremo,vedrete,vedranno","vidi,vedesti,vide,vedemmo,vedeste,videro","ho veduto; visto,hai veduto; visto,ha veduto; visto,abbiamo veduto; visto,avete veduto; visto,hanno veduto; visto","avevo veduto; visto,avevi veduto; visto,aveva veduto; visto,avevamo veduto; visto,avevate veduto; visto,avevano veduto; visto","avrò veduto; visto,avrai veduto; visto,avrà veduto; visto,avremo veduto; visto,avrete veduto; visto,avranno veduto; visto","ebbi veduto; visto,avesti veduto; visto,ebbe veduto; visto,avemmo veduto; visto,aveste veduto; visto,ebbero veduto; visto","veda; vegga,veda; vegga,veda; vegga,vediamo,vediate,vedano; veggano","abbia veduto; visto,abbia veduto; visto,abbia veduto; visto,abbiamo veduto; visto,abbiate veduto; visto,abbiano veduto; visto","vedessi,vedessi,vedesse,vedessimo,vedeste,vedessero","avessi veduto; visto,avessi veduto; visto,avesse veduto; visto,avessimo veduto; visto,aveste veduto; visto,avessero veduto; visto","vedrei,vedresti,vedrebbe,vedremmo,vedreste,vedrebbero","avrei veduto; visto,avresti veduto; visto,avrebbe veduto; visto,avremmo veduto; visto,avreste veduto; visto,avrebbero veduto; visto","vedi,veda; vegga,vediamo,vedete,vedano; veggano",
venire,"venire,venente,venendo,venuto,essere venuto,essendo venuto,essente venuto","vengo,vieni,viene,veniamo,venite,vengono","venivo,venivi,veniva,venivamo,venivate,venivano","verrò,verrai,verrà,verremo,verrete,verranno","venni,venisti,venne,venimmo,veniste,vennero","sono venuto,sei venuto,è venuto,siamo venuti,siete venuti,sono venuti","ero venuto,eri venuto,era venuto,eravamo venuti,eravate venuti,erano venuti","sarò venuto,sarai venuto,sarà venuto,saremo venuti,sarete venuti,saranno venuti","fui venuto,fosti venuto,fu venuto,fummo venuti,foste venuti,furono venuti","venga,venga,venga,veniamo,veniate,vengano","sia venuto,sia venuto,sia venuto,siamo venuti,siate venuti,siano venuti","venissi,venissi,venisse,venissimo,veniste,venissero","fossi venuto,fossi venuto,fosse venuto,fossimo venuti,foste venuti,fossero venuti","verrei,verresti,verrebbe,verremmo,verreste,verrebbero","sarei venuto,saresti venuto,sarebbe venuto,saremmo venuti,sareste venuti,sarebbero venuti","vieni,venga,veniamo,venite,vengano",
vestire,"vestire,vestente,vestendo,vestito,avere vestito,avendo vestito,avente vestito","vesto,vesti,veste,vestiamo,vestite,vestono","vestivo,vestivi,vestiva,vestivamo,vestivate,vestivano","vestirò,vestirai,vestirà,vestiremo,vestirete,vestiranno","vestii,vestisti,vestì,vestimmo,vestiste,vestirono","ho vestito,hai vestito,ha vestito,abbiamo vestito,avete vestito,hanno vestito","avevo vestito,avevi vestito,aveva vestito,avevamo vestito,avevate vestito,avevano vestito","avrò vestito,avrai vestito,avrà vestito,avremo vestito,avrete vestito,avranno vestito","ebbi vestito,avesti vestito,ebbe vestito,avemmo vestito,aveste vestito,ebbero vestito","vesta,vesta,vesta,vestiamo,vestiate,vestano","abbia vestito,abbia vestito,abbia vestito,abbiamo vestito,abbiate vestito,abbiano vestito","vestissi,vestissi,vestisse,vestissimo,vestiste,vestissero","avessi vestito,avessi vestito,avesse vestito,avessimo vestito,aveste vestito,avessero vestito","vestirei,vestiresti,vestirebbe,vestiremmo,vestireste,vestirebbero","avrei vestito,avresti vestito,avrebbe vestito,avremmo vestito,avreste vestito,avrebbero vestito","vesti,vesta,vestiamo,vestite,vestano",
vivere,"vivere,vivente,vivendo,vivuto; vissuto,avere vivuto; vissuto; essere vivuto; vissuto,avendo vivuto; vissuto; essendo vivuto; vissuto,avente vivuto; vissuto; essente vivuto; vissuto","vivo,vivi,vive,viviamo,vivete,vivono","vivevo,vivevi,viveva,vivevamo,vivevate,vivevano","vivrò,vivrai,vivrà,vivremo,vivrete,vivranno","vissi,vivesti,visse,vivemmo,viveste,vissero","ho vivuto; vissuto; sono vivuto; vissuto,hai vivuto; vissuto; sei vivuto; vissuto,ha vivuto; vissuto; è vivuto; vissuto,abbiamo vivuto; vissuto; siamo vivuto; vissuti,avete vivuto; vissuto; siete vivuto; vissuti,hanno vivuto; vissuto; sono vivuto; vissuti","avevo vivuto; vissuto; ero vivuto; vissuto,avevi vivuto; vissuto; eri vivuto; vissuto,aveva vivuto; vissuto; era vivuto; vissuto,avevamo vivuto; vissuto; eravamo vivuto; vissuti,avevate vivuto; vissuto; eravate vivuto; vissuti,avevano vivuto; vissuto; erano vivuto; vissuti","avrò vivuto; vissuto; sarò vivuto; vissuto,avrai vivuto; vissuto; sarai vivuto; vissuto,avrà vivuto; vissuto; sarà vivuto; vissuto,avremo vivuto; vissuto; saremo vivuto; vissuti,avrete vivuto; vissuto; sarete vivuto; vissuti,avranno vivuto; vissuto; saranno vivuto; vissuti","ebbi vivuto; vissuto; fui vivuto; vissuto,avesti vivuto; vissuto; fosti vivuto; vissuto,ebbe vivuto; vissuto; fu vivuto; vissuto,avemmo vivuto; vissuto; fummo vivuto; vissuti,aveste vivuto; vissuto; foste vivuto; vissuti,ebbero vivuto; vissuto; furono vivuto; vissuti","viva,viva,viva,viviamo,viviate,vivano","abbia vivuto; vissuto; sia vivuto; vissuto,abbia vivuto; vissuto; sia vivuto; vissuto,abbia vivuto; vissuto; sia vivuto; vissuto,abbiamo vivuto; vissuto; siamo vivuto; vissuti,abbiate vivuto; vissuto; siate vivuto; vissuti,abbiano vivuto; vissuto; siano vivuto; vissuti","vivessi,vivessi,vivesse,vivessimo,viveste,vivessero","avessi vivuto; vissuto; fossi vivuto; vissuto,avessi vivuto; vissuto; fossi vivuto; vissuto,avesse vivuto; vissuto; fosse vivuto; vissuto,avessimo vivuto; vissuto; fossimo vivuto; vissuti,aveste vivuto; vissuto; foste vivuto; vissuti,avessero vivuto; vissuto; fossero vivuto; vissuti","vivrei,vivresti,vivrebbe,vivremmo,vivreste,vivrebbero","avrei vivuto; vissuto; sarei vivuto; vissuto,avresti vivuto; vissuto; saresti vivuto; vissuto,avrebbe vivuto; vissuto; sarebbe vivuto; vissuto,avremmo vivuto; vissuto; saremmo vivuto; vissuti,avreste vivuto; vissuto; sareste vivuto; vissuti,avrebbero vivuto; vissuto; sarebbero vivuto; vissuti","vivi,viva,viviamo,vivete,vivano",
volere,"volere,volente,volendo,voluto,avere voluto,avendo voluto,avente voluto","voglio; vò; vuò,vuoi,vuole,vogliamo,volete,vogliono","volevo,volevi,voleva,volevamo,volevate,volevano","vorrò,vorrai,vorrà,vorremo,vorrete,vorranno","volli; volsi,volesti,volle; volse,volemmo,voleste,vollero; volsero","ho voluto,hai voluto,ha voluto,abbiamo voluto,avete voluto,hanno voluto","avevo voluto,avevi voluto,aveva voluto,avevamo voluto,avevate voluto,avevano voluto","avrò voluto,avrai voluto,avrà voluto,avremo voluto,avrete voluto,avranno voluto","ebbi voluto,avesti voluto,ebbe voluto,avemmo voluto,aveste voluto,ebbero voluto","voglia,voglia,voglia,vogliamo,vogliate,vogliano","abbia voluto,abbia voluto,abbia voluto,abbiamo voluto,abbiate voluto,abbiano voluto","volessi,volessi,volesse,volessimo,voleste,volessero","avessi voluto,avessi voluto,avesse voluto,avessimo voluto,aveste voluto,avessero voluto","vorrei,vorresti,vorrebbe,vorremmo,vorreste,vorrebbero","avrei voluto,avresti voluto,avrebbe voluto,avremmo voluto,avreste voluto,avrebbero voluto","vogli,voglia,vogliamo,vogliate,vogliano",
